THETAO,PR,CHL,SO
7.676683769,4.30E-05,2.05E-07,33.88420435
7.069783019,3.74E-05,3.39E-07,33.73166259
7.150232918,3.61E-05,4.61E-07,33.81171273
8.069782116,2.80E-05,5.04E-07,33.47151899
10.06265928,2.38E-05,3.93E-07,33.23325657
12.99830164,1.92E-05,0.000000198,32.84790711
14.53420066,2.16E-05,1.64E-07,32.97498177
15.18465655,1.96E-05,0.000000164,33.13004698
14.53695335,1.69E-05,1.81E-07,33.16377962
12.71488869,3.85E-05,0.000000227,33.34138767
11.05332546,2.12E-05,1.92E-07,33.40849841
9.53111795,4.32E-05,1.64E-07,33.54398224
7.723825753,3.68E-05,2.11E-07,33.61808055
7.087457471,3.28E-05,3.44E-07,33.61535824
6.056066571,2.43E-05,5.03E-07,33.33660474
6.617087666,3.32E-05,5.50E-07,33.39987115
9.0451964,2.70E-05,3.55E-07,33.23145635
11.4611169,2.84E-05,2.24E-07,33.04102378
14.42698599,0.00002015,1.54E-07,32.92710379
15.10181381,2.62E-05,1.62E-07,33.18330577
14.39179462,2.46E-05,1.82E-07,33.26071708
13.0789144,3.86E-05,2.24E-07,33.36680297
11.09303197,4.74E-05,0.000000196,33.74333602
8.990583878,4.01E-05,1.59E-07,33.53181223
7.390938058,4.02E-05,2.02E-07,33.64054477
5.926902854,2.57E-05,0.000000377,33.48878178
5.911441856,2.98E-05,5.09E-07,33.51672472
6.980805124,0.000025342,5.17E-07,33.51522415
9.867154816,2.21E-05,3.42E-07,32.94318297
11.96616149,2.04E-05,2.28E-07,32.88881816
14.07819126,2.17E-05,1.69E-07,32.87164801
15.44606358,0.000021402,1.49E-07,32.98814253
14.53697477,0.00002966,1.93E-07,33.22897973
12.39545545,5.16E-05,2.37E-07,33.56184659
10.60699189,4.26E-05,2.01E-07,33.49130374
8.827163151,4.28E-05,1.70E-07,33.4995305
7.480760758,3.58E-05,2.25E-07,33.46536734
6.845536906,3.20E-05,3.26E-07,33.45490837
6.867876256,3.89E-05,4.51E-07,33.48332433
7.273355752,2.20E-05,4.96E-07,33.12751871
8.916554284,2.72E-05,3.84E-07,32.9523424
12.00996701,1.96E-05,0.000000219,32.56708293
14.26597417,2.90E-05,1.65E-07,32.59531844
15.49627022,2.37E-05,1.46E-07,32.53379401
14.7653046,2.18E-05,1.63E-07,32.69241699
13.0256168,4.40E-05,2.24E-07,33.06120355
10.37035218,3.43E-05,1.95E-07,33.00954846
8.868083956,5.50E-05,1.72E-07,33.61215677
8.024720824,2.50E-05,1.99E-07,33.62861583
7.58654139,3.18E-05,3.34E-07,33.59144808
7.200540369,4.20E-05,4.75E-07,33.34597796
8.045105484,2.35E-05,5.06E-07,33.0400723
10.22973028,2.33E-05,3.35E-07,32.91128399
13.10476316,2.29E-05,0.00000018,32.61859537
15.13232767,3.01E-05,1.59E-07,32.86344046
16.04681248,2.67E-05,1.49E-07,32.86300351
15.25347935,2.69E-05,1.78E-07,33.01555713
13.05844578,4.03E-05,2.19E-07,33.36017291
10.64950807,3.17E-05,2.07E-07,33.18151999
9.383056727,5.54E-05,1.63E-07,33.71789722
8.133837215,5.50E-05,2.12E-07,33.84043433
7.028422899,4.05E-05,3.40E-07,33.76841643
6.832395542,3.77E-05,4.63E-07,33.74102916
7.915440556,0.000024266,5.38E-07,33.48706933
9.821716788,3.42E-05,3.74E-07,33.22829434
12.76691442,1.79E-05,2.25E-07,32.85691429
14.43427578,1.99E-05,1.66E-07,32.74627441
14.83273735,2.12E-05,1.76E-07,33.03666488
14.46746942,2.31E-05,1.88E-07,33.12325035
13.1309171,4.07E-05,2.15E-07,33.29679614
10.74849904,0.000030528,1.87E-07,33.59114107
9.178825333,4.89E-05,1.59E-07,33.68311486
7.807918215,5.96E-05,0.000000207,34.00455081
7.164211847,3.41E-05,3.45E-07,34.07179548
7.284863913,2.77E-05,0.000000498,33.70631416
8.18999573,0.000022168,5.66E-07,33.3517451
10.05438837,2.74E-05,0.000000348,33.26429635
12.87251259,2.17E-05,0.000000196,32.96286535
14.63416028,1.51E-05,1.61E-07,32.82498772
14.99439432,1.96E-05,1.60E-07,33.08003036
14.71358148,3.13E-05,1.75E-07,33.18887712
12.62928897,4.19E-05,2.28E-07,33.44893345
10.786543,4.96E-05,0.000000203,33.94058578
9.156130888,5.27E-05,0.000000159,33.98862187
7.482568354,3.97E-05,2.10E-07,33.99566766
6.337331062,3.02E-05,3.60E-07,33.8182083
6.28967863,0.000034476,4.88E-07,33.8611812
7.355715058,2.80E-05,5.26E-07,33.54776723
9.139956936,2.61E-05,4.09E-07,33.39709879
11.75602572,2.13E-05,2.58E-07,33.06002573
14.30189204,1.66E-05,1.61E-07,32.90238663
16.10330827,1.04E-05,1.41E-07,32.86054199
14.84804579,3.33E-05,1.71E-07,33.06365359
12.30885743,3.34E-05,2.32E-07,33.33339426
10.13325432,4.48E-05,2.10E-07,33.46362265
8.695179198,4.19E-05,1.69E-07,33.55898663
7.264728803,3.53E-05,2.01E-07,33.50035359
6.196189604,2.44E-05,3.40E-07,33.42264073
5.529789864,0.000022763,0.000000505,33.23170075
6.52465069,2.74E-05,5.09E-07,33.26910663
9.051577393,2.02E-05,3.49E-07,32.93517513
12.72888373,2.41E-05,1.78E-07,32.5106825
14.55764799,1.92E-05,1.54E-07,32.65807388
14.96117356,0.00002223,1.51E-07,32.70302687
14.12933698,2.78E-05,0.000000178,32.7432513
12.39062906,4.56E-05,2.10E-07,32.90337792
10.50574195,4.00E-05,0.000000207,33.09939618
8.539604506,4.92E-05,1.77E-07,33.3234486
7.078791965,3.59E-05,0.000000223,33.19453406
6.769391414,0.000030881,3.17E-07,33.29755876
6.305761234,2.43E-05,5.01E-07,32.85472603
7.045984901,3.09E-05,4.41E-07,32.94874475
9.435683893,1.85E-05,3.26E-07,32.57181736
11.25643344,2.81E-05,2.35E-07,32.63752677
14.4275873,2.38E-05,1.66E-07,32.25743709
14.41206331,2.26E-05,0.000000171,32.55515474
13.56876707,3.23E-05,1.75E-07,32.42024885
12.28048797,3.91E-05,1.93E-07,32.51350479
9.765402845,5.20E-05,2.15E-07,32.96789677
7.919256111,5.14E-05,1.77E-07,32.92326307
6.753244102,4.22E-05,2.19E-07,32.85804723
6.253219424,3.71E-05,3.52E-07,32.90105249
6.026972769,4.01E-05,4.56E-07,32.65591894
6.642700172,2.04E-05,4.17E-07,32.26947185
8.813729426,2.55E-05,3.00E-07,31.91080803
11.44136101,2.37E-05,2.00E-07,31.97068246
14.09343928,2.06E-05,1.55E-07,31.75137057
15.44879651,1.72E-05,1.38E-07,31.54654333
14.07322994,0.000025404,1.66E-07,31.96065803
12.68892178,3.63E-05,2.03E-07,32.1320063
10.82173153,4.44E-05,2.07E-07,32.44696004
9.396972674,5.49E-05,1.51E-07,32.50423996
7.617252118,3.78E-05,2.19E-07,32.54122987
6.750127439,3.00E-05,3.34E-07,32.60478193
6.904831145,2.23E-05,4.25E-07,32.36695531
8.402871852,1.23E-05,4.11E-07,31.90544099
10.8034563,3.35E-05,0.000000266,31.8906292
12.76033216,2.06E-05,1.97E-07,32.0672059
15.04761568,2.07E-05,1.51E-07,31.90738343
15.46822793,1.53E-05,1.50E-07,32.01250064
15.51721237,1.98E-05,1.44E-07,31.90701654
13.18868898,3.57E-05,2.01E-07,32.28133517
10.45878518,6.05E-05,2.14E-07,32.62754662
8.684261867,4.29E-05,1.75E-07,32.85967332
7.362261883,3.80E-05,2.07E-07,32.78761348
6.098296163,3.24E-05,3.62E-07,32.70418043
6.173052411,3.20E-05,4.72E-07,32.75957972
7.203157085,2.43E-05,4.23E-07,32.56660969
9.666487039,2.34E-05,3.22E-07,32.2157303
12.58493766,0.000027693,1.80E-07,31.97932144
13.91394126,2.08E-05,1.71E-07,32.00671479
15.0709521,1.69E-05,1.44E-07,31.68612182
14.04069377,3.96E-05,1.70E-07,32.15994546
12.73312648,3.60E-05,2.07E-07,32.39227269
10.75192663,5.65E-05,0.000000201,32.68128814
9.26567638,3.23E-05,1.74E-07,32.76069195
8.059114931,3.93E-05,1.97E-07,32.89803278
7.302353962,0.000044305,3.19E-07,32.95931005
7.178085588,3.02E-05,4.14E-07,32.92796009
7.992793942,0.000025147,4.47E-07,32.65124865
9.899857982,2.48E-05,0.000000313,32.24063935
12.72078575,1.44E-05,2.02E-07,31.98715045
15.05168315,0.000024771,1.44E-07,32.0318745
16.51283934,1.41E-05,1.31E-07,31.98629007
16.09384755,0.000036132,1.41E-07,32.11462202
13.67066808,4.40E-05,0.000000206,32.77457027
11.45044201,3.86E-05,1.91E-07,32.82954918
8.941350571,4.03E-05,0.000000167,32.66770656
7.481511087,3.92E-05,2.08E-07,33.08473526
6.55877031,3.86E-05,3.83E-07,32.84321065
5.880646765,3.36E-05,5.29E-07,32.6930642
7.378630485,2.32E-05,4.35E-07,32.81385637
9.472377261,2.66E-05,3.21E-07,32.28143644
12.29585007,2.60E-05,1.94E-07,32.17249473
14.19048765,2.05E-05,1.62E-07,32.30788584
14.97230905,2.51E-05,1.58E-07,32.33855355
14.44730063,2.70E-05,1.64E-07,32.40705552
13.00169933,3.48E-05,0.000000212,32.66812273
10.73481048,5.45E-05,2.01E-07,32.81181809
8.854172899,0.000039572,0.000000169,32.78893516
7.55129708,4.55E-05,2.12E-07,33.02010447
6.536338775,4.84E-05,3.73E-07,32.96869521
6.340874864,3.80E-05,4.52E-07,32.96346223
8.087521775,1.86E-05,4.12E-07,32.41917292
10.33685174,2.72E-05,2.87E-07,32.03642365
12.86880506,2.51E-05,1.83E-07,31.72502435
14.09491422,1.58E-05,1.62E-07,31.97912575
14.79558305,2.30E-05,1.52E-07,32.04671409
14.5691185,2.87E-05,1.68E-07,32.22313407
12.2953545,4.57E-05,0.000000221,32.57169358
10.31622998,4.61E-05,0.000000212,32.53446851
8.784047169,4.62E-05,1.67E-07,32.80928399
7.065148985,2.80E-05,0.000000213,32.5237757
5.872695164,1.73E-05,4.18E-07,32.61888279
6.191278893,2.78E-05,4.93E-07,32.61075091
7.269802557,1.63E-05,4.63E-07,32.18337804
9.773994123,2.14E-05,3.07E-07,32.17246465
12.04844598,2.13E-05,1.99E-07,32.11080766
14.9985619,2.20E-05,1.45E-07,32.15991836
15.91254207,0.000018993,1.39E-07,32.07531702
15.41363007,0.000022221,1.50E-07,32.20875407
13.85273109,4.38E-05,1.92E-07,32.53205913
11.47968825,4.60E-05,2.13E-07,32.51182085
9.448808478,5.06E-05,1.61E-07,32.66007425
8.005552504,3.31E-05,0.000000201,33.0908234
7.556415325,0.000038466,3.62E-07,33.05557192
7.191547493,2.73E-05,4.65E-07,32.97224279
8.035008265,2.23E-05,0.000000404,32.87426649
10.82099559,2.59E-05,2.61E-07,32.35325282
13.96456734,0.000026109,1.62E-07,32.01252355
16.08131308,2.52E-05,1.35E-07,32.10575493
16.68665322,2.59E-05,0.000000136,32.35091949
15.61798561,2.52E-05,1.50E-07,32.20225861
13.18857681,4.78E-05,1.96E-07,32.82357679
11.48735571,0.000044972,1.95E-07,32.98497294
9.800891119,4.63E-05,1.72E-07,33.02228397
8.563793913,4.24E-05,0.000000194,33.03249278
7.842694989,4.64E-05,3.13E-07,33.13932433
7.907854966,3.38E-05,3.80E-07,33.16877265
8.824602529,0.000030154,3.76E-07,32.91381658
11.00997226,0.000021915,3.23E-07,32.72454723
14.41234726,0.000017078,1.85E-07,32.33105851
16.83238077,1.63E-05,1.36E-07,31.94482628
16.78151968,0.000016342,1.34E-07,32.37586609
15.94972965,2.26E-05,1.69E-07,32.46925228
13.63863114,2.99E-05,0.000000207,32.7354467
12.08310305,4.71E-05,1.82E-07,33.09669395
10.46350515,5.14E-05,1.60E-07,33.28696296
8.768707602,3.61E-05,2.04E-07,33.12131976
7.90153399,4.43E-05,3.48E-07,33.30934853
7.841156413,3.06E-05,4.23E-07,33.30549599
8.590847158,3.25E-05,4.42E-07,33.12923382
10.68911798,3.12E-05,3.33E-07,32.82565791
13.09338393,2.68E-05,2.09E-07,32.60836127
15.53851852,2.30E-05,1.50E-07,32.77653742
16.15167724,1.64E-05,1.50E-07,32.85283354
15.31083585,2.52E-05,1.76E-07,33.03422316
13.65144712,4.07E-05,2.17E-07,33.46017415
10.98737324,5.50E-05,2.02E-07,33.60768497
9.467540886,5.73E-05,1.65E-07,33.6543652
7.790632702,4.95E-05,2.12E-07,33.65042249
6.849690693,3.12E-05,3.41E-07,33.60370942
6.642861497,2.91E-05,4.39E-07,33.44636855
7.394372847,2.48E-05,4.91E-07,33.0531553
9.709408424,2.37E-05,3.25E-07,33.00622037
12.37315136,3.15E-05,1.92E-07,32.70960645
14.29110243,0.000023019,1.63E-07,32.57654664
14.82693987,2.58E-05,1.65E-07,32.81580768
14.47317981,2.18E-05,1.98E-07,32.98673173
13.17352045,3.23E-05,2.03E-07,32.77342906
10.8648694,4.47E-05,1.93E-07,33.32761943
8.584473263,2.99E-05,1.78E-07,33.17433975
7.355310267,3.04E-05,2.11E-07,33.41038189
6.931052693,0.00004684,3.36E-07,33.45341108
7.073874984,3.21E-05,4.50E-07,33.26733405
7.914359501,0.000024888,3.99E-07,33.0799596
9.940168887,0.000024316,3.23E-07,32.76289936
13.84666607,1.47E-05,1.70E-07,32.2336936
15.09047392,1.75E-05,1.50E-07,32.19332623
16.99076697,1.53E-05,1.25E-07,32.25611021
15.3959784,2.21E-05,1.53E-07,32.36067325
13.27171121,4.51E-05,1.86E-07,32.66736078
11.70023045,5.25E-05,2.00E-07,32.85187481
9.791460162,5.75E-05,1.63E-07,32.99974599
7.991032995,4.61E-05,2.12E-07,32.94597947
7.131268137,3.08E-05,3.25E-07,32.97766846
7.08867309,3.44E-05,4.21E-07,32.68672129
8.430405241,1.79E-05,0.000000349,32.26973035
11.09279244,0.000021923,2.11E-07,31.86787666
12.98889673,0.000029459,1.64E-07,31.8118606
15.31670766,0.000030351,1.41E-07,31.67309289
15.439028,0.000032618,1.46E-07,31.93770848
14.32931109,3.95E-05,1.67E-07,31.82501047
12.49319162,4.40E-05,1.89E-07,32.0725133
11.1485923,4.82E-05,1.97E-07,32.15470714
9.198746644,5.04E-05,1.82E-07,32.24254926
8.025016692,0.000035658,0.000000206,32.39120266
7.571564798,0.00004893,3.14E-07,32.66453569
7.412386253,2.58E-05,4.00E-07,32.39812075
8.39845043,0.00002484,3.81E-07,32.24632917
10.6093714,2.59E-05,2.73E-07,31.83000988
14.44604928,2.47E-05,1.65E-07,31.38070674
17.00976017,1.66E-05,1.24E-07,31.24609727
17.32719107,2.05E-05,1.23E-07,31.61661793
15.72859709,3.89E-05,1.68E-07,32.13088821
13.88750878,4.15E-05,2.12E-07,32.42582671
12.16286739,3.69E-05,1.81E-07,32.4185629
10.31398722,5.36E-05,1.55E-07,32.85698482
8.887360507,3.92E-05,2.08E-07,33.11456201
8.030800615,0.00005369,3.62E-07,32.97390929
7.827347928,3.95E-05,4.74E-07,32.88417996
8.995155958,0.000018954,4.00E-07,32.59521184
11.01873998,1.87E-05,3.04E-07,32.55532652
13.12477708,0.000023879,2.29E-07,32.42996853
15.38091825,1.74E-05,0.00000017,32.37240353
15.47419962,1.61E-05,1.62E-07,32.52053951
15.20986208,2.44E-05,1.64E-07,32.62110554
13.19259313,4.36E-05,0.000000233,32.96936837
11.28537236,5.18E-05,0.0000002,33.34859348
9.672647662,4.54E-05,1.64E-07,33.49219576
7.882569899,3.21E-05,1.95E-07,33.27876635
7.410092154,2.54E-05,3.50E-07,33.33983943
7.239247821,2.24E-05,4.70E-07,32.94031965
7.83934949,2.86E-05,4.13E-07,32.9306174
10.20574535,2.40E-05,2.58E-07,32.58129287
12.66206955,2.12E-05,1.91E-07,32.42631504
15.05619537,1.98E-05,0.000000144,32.44980056
15.20732208,2.95E-05,1.49E-07,32.66582419
14.29837522,2.65E-05,1.71E-07,32.77421055
13.18703187,4.99E-05,1.92E-07,32.80299633
11.40900627,5.10E-05,1.89E-07,32.86606869
9.68264253,5.37E-05,1.60E-07,32.99576922
8.184762455,0.000043839,2.02E-07,33.03952272
7.436923102,0.000026455,3.34E-07,32.95709485
7.131103912,3.43E-05,3.80E-07,32.83776008
8.080542753,0.000029176,3.89E-07,32.75151716
9.903379085,2.30E-05,2.78E-07,32.34956722
12.40317651,2.38E-05,2.03E-07,32.2524289
14.5799658,1.93E-05,1.52E-07,32.12283484
15.40077335,0.000018318,1.41E-07,31.98339716
14.46439595,3.20E-05,1.68E-07,32.21018882
12.99719752,0.000036442,2.04E-07,32.38694161
11.46442427,3.13E-05,1.96E-07,32.49951935
10.00578403,5.14E-05,1.58E-07,32.5984107
8.622657513,4.88E-05,2.01E-07,32.91129135
8.028494353,3.47E-05,3.11E-07,32.90405558
8.021132918,4.70E-05,0.000000427,32.75150232
8.806226297,2.73E-05,4.15E-07,32.48444087
11.88863592,2.83E-05,2.88E-07,31.90642965
14.0144129,2.69E-05,0.000000179,31.79633551
16.80333434,1.94E-05,1.33E-07,31.51309321
17.41940914,2.30E-05,1.26E-07,31.86708555
16.40455664,2.51E-05,1.48E-07,32.2063606
13.393865,4.85E-05,2.09E-07,32.70298925
11.24444347,4.53E-05,2.01E-07,33.05041505
9.155064193,3.72E-05,1.76E-07,33.02705831
7.749643526,4.33E-05,2.20E-07,33.22164372
7.106078415,3.69E-05,3.49E-07,33.3528258
7.265690616,0.000030174,4.33E-07,33.17696678
7.965204947,0.000035605,4.57E-07,32.82204844
9.762228746,2.63E-05,3.25E-07,32.67400284
12.49073829,2.12E-05,2.05E-07,32.46038023
15.08069888,1.62E-05,1.49E-07,32.33070948
15.1587471,2.16E-05,1.56E-07,32.33481944
14.41950536,2.52E-05,1.61E-07,32.6179029
12.90640197,4.00E-05,2.02E-07,32.82881053
11.21729346,3.49E-05,1.90E-07,32.94581479
9.530775786,4.61E-05,1.67E-07,33.01201872
8.084774308,0.000042115,0.000000185,33.00839076
7.467615838,4.98E-05,3.12E-07,33.14029528
7.38899994,3.84E-05,4.01E-07,32.88906786
8.774774283,2.02E-05,3.70E-07,32.56444442
10.61792486,1.91E-05,0.000000264,32.40805045
12.6863787,2.86E-05,1.94E-07,32.17239867
14.99871501,2.75E-05,1.52E-07,32.02086097
15.86135642,2.02E-05,1.42E-07,32.03973279
15.20383524,2.96E-05,1.55E-07,32.05206555
13.55269478,0.000041444,2.00E-07,32.54980208
11.35889801,0.000041844,2.04E-07,32.24556963
9.728925569,4.82E-05,1.70E-07,32.77487782
8.291251052,0.000049668,2.08E-07,32.67319806
7.519511682,2.62E-05,3.23E-07,32.54328258
6.953838483,2.95E-05,4.44E-07,32.40207294
8.174750227,2.52E-05,4.01E-07,32.42639818
10.81136821,2.67E-05,2.43E-07,32.19365434
15.37460106,3.13E-05,0.000000151,31.81389714
16.96306054,2.73E-05,1.26E-07,31.98085983
17.19083524,2.62E-05,1.37E-07,32.08410063
16.55095874,2.69E-05,1.44E-07,32.31172802
14.08489494,5.42E-05,2.07E-07,32.65046255
11.9850061,5.53E-05,1.92E-07,32.62917885
10.11106556,4.60E-05,1.76E-07,32.50099719
8.431762049,4.24E-05,2.16E-07,32.77362127
8.056091563,3.01E-05,3.51E-07,33.09572932
7.96851348,3.91E-05,4.22E-07,33.03530928
8.831641307,3.48E-05,4.26E-07,33.08143094
10.87503486,2.17E-05,3.51E-07,32.22412616
15.1637754,2.41E-05,1.51E-07,32.14553866
16.49753926,1.50E-05,1.43E-07,32.44376745
17.40585514,1.61E-05,0.00000013,32.42524365
16.52835724,2.74E-05,1.55E-07,32.65446549
14.67372705,3.67E-05,2.04E-07,32.9457563
12.47743999,5.16E-05,1.89E-07,33.19433521
10.02292308,4.79E-05,1.76E-07,33.3354512
8.396914796,5.34E-05,2.14E-07,33.40356606
7.74473225,4.25E-05,3.56E-07,33.60315988
7.51393235,4.29E-05,4.39E-07,33.51629052
8.342989668,2.14E-05,4.41E-07,33.32841527
11.10893231,2.17E-05,3.26E-07,32.98537816
13.01232607,3.46E-05,2.03E-07,33.03142518
15.57606818,1.65E-05,0.000000149,32.90430197
16.59034988,1.81E-05,1.40E-07,32.89930767
15.39259347,0.000026317,1.78E-07,33.12601568
13.4924203,4.91E-05,2.23E-07,33.40691359
11.51371769,4.72E-05,2.02E-07,33.51205963
9.714789506,4.50E-05,1.74E-07,33.44074281
8.24395713,4.17E-05,2.05E-07,33.50605639
7.534315449,4.22E-05,3.37E-07,33.49420718
7.490333231,2.75E-05,4.22E-07,33.53590797
8.259802874,3.45E-05,4.65E-07,33.0557409
11.03259858,2.62E-05,0.000000256,32.70198558
13.8056097,2.45E-05,1.69E-07,32.59669916
15.37589739,1.83E-05,1.58E-07,32.73906802
16.1336352,2.46E-05,1.46E-07,32.78360542
15.99883487,2.58E-05,1.56E-07,32.97908909
13.47880695,3.74E-05,2.16E-07,33.15062665
11.68761809,0.000046573,1.96E-07,33.43518195
10.05870755,0.000038173,1.63E-07,33.2817648
8.542960024,3.44E-05,2.02E-07,33.32772976
7.767284604,3.19E-05,3.43E-07,33.33970428
7.896153048,2.78E-05,4.02E-07,33.27760379
8.827778489,3.43E-05,3.66E-07,33.10913161
10.65573739,0.000025585,2.69E-07,32.73569932
13.76113721,2.55E-05,1.63E-07,32.56466527
16.08357363,2.28E-05,1.35E-07,32.50996243
16.73420475,0.000019545,1.41E-07,32.55180802
15.91260408,2.92E-05,1.49E-07,32.7765517
14.05046952,4.12E-05,1.87E-07,33.03206345
12.1121449,4.58E-05,1.86E-07,33.16816068
10.13168586,5.10E-05,1.71E-07,33.15938213
8.590859129,0.000050774,2.15E-07,33.16402505
8.122564631,4.14E-05,3.15E-07,33.13191705
8.004938635,4.09E-05,3.75E-07,32.92264552
8.916470889,2.76E-05,3.53E-07,32.76311942
11.17325718,2.62E-05,2.73E-07,32.30628924
13.63100101,2.35E-05,1.77E-07,32.08864306
15.31197754,1.85E-05,0.000000159,32.25144703
16.11370386,2.80E-05,1.52E-07,32.30414085
15.36774537,3.15E-05,1.69E-07,32.46745607
13.85170253,5.10E-05,1.98E-07,32.55130412
12.063079,4.52E-05,1.83E-07,33.01386272
9.921101593,2.93E-05,1.69E-07,32.84406729
9.009558487,4.36E-05,0.000000202,33.26497124
8.101621419,4.76E-05,3.35E-07,33.13176276
7.990121402,2.33E-05,4.23E-07,32.69588894
9.132389816,1.92E-05,3.69E-07,32.43727279
12.35527275,2.76E-05,2.18E-07,32.42311038
15.21464951,2.68E-05,1.48E-07,32.25391162
16.93671096,2.17E-05,1.27E-07,32.13108465
17.42617176,2.55E-05,1.28E-07,32.38947918
16.50704775,3.54E-05,0.00000015,32.65575485
14.7866237,0.000045993,1.82E-07,32.81448747
13.0371897,4.41E-05,1.88E-07,32.69376505
11.10927434,6.54E-05,0.000000158,33.17421258
9.418861485,4.54E-05,2.02E-07,33.24176316
8.582343561,3.59E-05,3.31E-07,33.32328449
8.03553855,2.51E-05,4.31E-07,32.77249841
9.028816904,3.30E-05,3.56E-07,32.80485939
11.48773612,2.98E-05,2.43E-07,32.25240368
13.79393881,3.30E-05,1.75E-07,32.34529881
16.85485809,1.46E-05,1.31E-07,32.17902347
17.38885366,2.27E-05,1.27E-07,32.27874961
16.16994879,3.65E-05,0.000000153,32.79324202
13.95744594,3.17E-05,1.98E-07,32.90524511
12.06726271,5.07E-05,2.00E-07,32.88843339
10.29314954,5.46E-05,1.77E-07,33.31488043
9.076246371,5.18E-05,2.05E-07,33.43014924
8.364850486,3.57E-05,3.21E-07,33.33698512
8.453149892,2.57E-05,3.95E-07,33.22511624
9.539940773,2.18E-05,3.94E-07,32.67905002
11.26291005,0.000034544,2.74E-07,32.69114699
14.85773612,2.58E-05,1.62E-07,32.31570819
16.29551082,1.73E-05,1.49E-07,32.31815575
17.40782512,0.000028851,1.31E-07,32.48202039
15.95009205,3.27E-05,1.67E-07,32.870048
14.38163644,3.93E-05,1.95E-07,33.07559682
12.46866507,3.79E-05,1.88E-07,33.32427006
10.47144574,5.52E-05,1.60E-07,33.57695275
9.105445735,5.65E-05,2.07E-07,33.6225679
8.646796987,5.03E-05,3.07E-07,33.56697935
8.432082133,2.63E-05,3.96E-07,33.20624332
9.392471483,2.42E-05,0.000000349,33.07770104
11.18108609,0.000021432,2.66E-07,32.532776
14.51020531,2.49E-05,1.58E-07,32.29945135
16.12711488,1.24E-05,1.38E-07,32.32043053
16.67201482,1.40E-05,1.39E-07,32.30891242
16.58391,0.000021244,1.27E-07,32.09121387
14.83307128,2.83E-05,1.55E-07,32.4561241
12.58162171,4.08E-05,0.000000185,32.90760002
10.30629255,5.59E-05,1.59E-07,33.11960699
8.736459426,5.16E-05,2.12E-07,33.00889325
8.116588372,4.77E-05,3.12E-07,33.11880908
7.860060233,2.02E-05,3.82E-07,32.72287612
9.231394444,1.80E-05,3.20E-07,32.54157752
11.10928654,2.36E-05,2.50E-07,32.50085828
13.41372144,2.35E-05,1.79E-07,32.38969565
15.56416557,2.22E-05,1.47E-07,32.28209625
16.77088575,1.69E-05,1.32E-07,32.23871738
16.53164685,2.55E-05,1.36E-07,32.25327232
14.14088418,4.62E-05,1.76E-07,32.54907272
12.09414313,5.82E-05,1.82E-07,32.85512912
10.36347742,5.62E-05,1.62E-07,32.89944587
9.088650359,3.12E-05,1.81E-07,32.67609466
8.011043787,4.95E-05,3.15E-07,32.82643726
7.984610501,3.07E-05,3.61E-07,32.61865328
8.852055489,2.10E-05,3.63E-07,32.27009588
11.24382685,2.34E-05,2.75E-07,32.28769886
15.15985073,1.33E-05,0.000000168,31.86002368
16.5918746,1.89E-05,1.32E-07,32.08000731
18.76473571,1.10E-05,1.13E-07,31.88482512
16.83288684,3.32E-05,1.38E-07,32.19477281
14.63332028,4.25E-05,1.84E-07,32.67957513
11.98040525,5.35E-05,1.99E-07,32.93688195
10.20719512,5.22E-05,1.65E-07,32.99773483
8.981396687,4.49E-05,2.05E-07,33.09621866
8.208572794,4.13E-05,3.42E-07,33.02041075
8.028439853,2.70E-05,3.98E-07,32.64356208
9.009243761,0.000022146,0.000000336,32.7015081
11.63968422,2.21E-05,2.10E-07,32.28612042
13.62163912,2.40E-05,1.64E-07,32.05586234
15.44206477,2.06E-05,1.40E-07,32.10527079
16.90880709,0.000019706,1.28E-07,32.04292175
15.58520143,3.47E-05,1.50E-07,32.44018874
14.07611407,3.57E-05,1.74E-07,32.45637148
12.12529514,4.99E-05,1.99E-07,32.69806027
9.80182441,3.84E-05,1.72E-07,32.46418887
8.476575475,3.48E-05,2.06E-07,32.66955534
8.121587022,2.51E-05,3.41E-07,32.64826276
7.739852392,3.34E-05,3.89E-07,32.47697404
8.642085511,2.98E-05,0.00000029,32.189992
11.37587306,2.40E-05,2.00E-07,31.64764805
14.2728627,3.04E-05,1.49E-07,31.83030727
17.38247513,0.000024109,0.000000118,31.76899378
18.01166242,2.17E-05,1.18E-07,31.78374763
16.90473824,1.75E-05,1.35E-07,31.89132182
14.67297777,4.49E-05,1.65E-07,32.12419285
12.80124937,4.46E-05,1.86E-07,32.27101925
11.17883351,6.25E-05,1.65E-07,32.46939875
9.76405251,5.86E-05,2.00E-07,32.53171924
8.615754675,4.72E-05,3.30E-07,32.35737444
8.431963237,3.90E-05,3.69E-07,32.14950102
9.427303272,3.08E-05,3.26E-07,31.78808365
11.41771267,2.25E-05,0.00000024,31.69403314
14.35702395,2.84E-05,1.64E-07,31.32513142
17.26568513,2.01E-05,0.000000126,31.27114512
18.1398075,2.56E-05,1.18E-07,31.38316803
16.4447946,0.00003672,1.54E-07,31.79762282
14.38559713,2.95E-05,1.87E-07,31.86595231
12.56694564,0.000056199,1.79E-07,32.22883398
10.78380632,5.46E-05,1.69E-07,32.28762012
9.240923362,6.25E-05,2.14E-07,32.13800875
8.100162284,3.09E-05,3.53E-07,31.97280461
8.25322987,3.71E-05,3.93E-07,32.55231947
9.186069396,2.97E-05,3.88E-07,32.39720644
11.63368727,1.77E-05,2.99E-07,31.98140525
14.39258548,2.28E-05,1.66E-07,31.48839228
16.67838608,2.41E-05,1.30E-07,31.68262441
17.51629166,0.000014823,1.30E-07,31.78644753
17.24185415,1.27E-05,0.000000133,31.89403827
15.70780943,4.73E-05,1.79E-07,32.46606239
13.07249042,4.71E-05,0.000000193,32.8877369
11.26027734,4.80E-05,1.66E-07,32.97417126
9.572246769,3.88E-05,2.12E-07,33.06427849
8.725879033,4.25E-05,3.54E-07,33.02166191
8.695924459,3.63E-05,4.07E-07,33.00987687
9.887948758,1.69E-05,3.49E-07,32.37936158
12.00377827,2.84E-05,1.97E-07,32.23449902
14.85328933,2.60E-05,0.000000154,32.1816085
17.06054837,0.000028487,1.29E-07,32.31840001
18.45457958,1.95E-05,1.16E-07,32.23427507
16.96322104,2.02E-05,1.39E-07,32.51012393
14.88720086,2.96E-05,1.75E-07,32.62196354
12.78905228,4.81E-05,0.000000189,33.0232799
10.99407357,5.65E-05,0.000000165,32.89421627
9.651907626,6.10E-05,0.000000203,33.03675629
8.977569288,5.42E-05,2.97E-07,33.10355804
9.074106213,3.76E-05,3.68E-07,32.81884538
9.906029633,2.65E-05,3.29E-07,32.63035074
12.34217061,2.35E-05,2.35E-07,32.24077103
15.23540829,2.29E-05,1.52E-07,31.5474876
17.90566721,1.75E-05,1.17E-07,31.61972488
17.92570495,2.71E-05,1.20E-07,32.0621859
17.19216951,1.94E-05,1.40E-07,32.20009281
16.00521869,3.94E-05,0.000000157,32.12992648
13.89633973,4.69E-05,1.88E-07,32.47222173
11.95405158,5.48E-05,1.69E-07,32.63284808
10.1761484,5.69E-05,2.15E-07,32.65981195
9.200712503,3.64E-05,3.29E-07,32.66842436
9.251152481,4.36E-05,3.73E-07,32.71070415
9.922608363,2.67E-05,3.17E-07,32.23097093
12.08558482,3.26E-05,2.32E-07,31.86929865
14.61794455,4.32E-05,1.59E-07,31.64226036
17.09018052,2.69E-05,1.30E-07,31.88876089
17.81329911,2.18E-05,1.26E-07,31.54401919
17.3383745,2.24E-05,1.34E-07,31.9310875
16.14306487,2.44E-05,1.55E-07,31.77493125
14.34979938,5.11E-05,1.87E-07,32.38732095
11.99360669,5.23E-05,1.64E-07,32.61611238
10.24706581,5.72E-05,2.08E-07,32.85116227
9.187438306,4.09E-05,3.33E-07,32.74633195
9.276176386,3.24E-05,3.71E-07,32.72413584
10.15613919,2.65E-05,0.000000323,32.17312616
12.4548569,0.0000275,2.62E-07,32.23388378
15.59827217,2.20E-05,1.62E-07,32.0838136
17.31840717,2.29E-05,1.33E-07,32.11987387
18.38524548,1.69E-05,1.21E-07,32.11777575
17.83455177,1.52E-05,1.36E-07,32.1099891
16.31691044,3.17E-05,1.64E-07,32.34086823
13.84220401,4.78E-05,1.79E-07,32.72055581
11.85314542,4.56E-05,0.000000163,32.91608218
10.02581569,4.33E-05,2.05E-07,32.60602522
9.615237033,3.38E-05,3.39E-07,32.83697019
9.194301316,3.14E-05,3.89E-07,32.45386661
10.16552836,2.92E-05,3.11E-07,32.08117398
12.47495451,3.41E-05,2.12E-07,32.1471773
15.00735858,2.28E-05,1.54E-07,32.0563844
17.91482169,1.32E-05,1.21E-07,32.00506752
18.7727764,2.33E-05,1.14E-07,32.10190748
17.69490625,2.99E-05,0.000000136,32.36834515
15.47593555,3.85E-05,1.68E-07,32.44199233
13.98139484,5.15E-05,1.74E-07,32.49562589
12.16561824,4.22E-05,1.50E-07,32.52748151
10.73922482,5.36E-05,2.08E-07,32.7973595
9.753732297,3.79E-05,3.29E-07,32.62643487
8.95291985,2.93E-05,4.07E-07,32.24669274
9.929770158,2.87E-05,3.10E-07,32.43988821
12.09620856,3.41E-05,0.00000021,32.20899318
15.10774038,2.34E-05,1.39E-07,31.93537266
17.71471561,1.79E-05,1.18E-07,31.82540762
18.45699545,1.34E-05,1.15E-07,31.85740769
17.9569762,2.47E-05,1.22E-07,31.9043656
16.12607769,3.30E-05,1.55E-07,32.17214288
14.05228313,4.72E-05,0.000000172,32.41774973
12.16398365,0.000053337,0.000000171,32.59384039
10.37297727,5.47E-05,2.09E-07,32.49121234
9.471846481,4.89E-05,3.17E-07,32.67764206
9.113627238,3.59E-05,3.62E-07,32.53147446
9.751188087,4.10E-05,0.000000329,32.52705061
12.69018132,0.000021237,2.40E-07,31.86361887
15.16167656,3.13E-05,1.46E-07,31.3742146
17.19380301,1.88E-05,0.000000126,31.56885425
17.52051509,1.69E-05,1.28E-07,31.81194771
16.61304444,2.34E-05,1.48E-07,32.00004791
14.6483712,3.10E-05,0.000000181,32.09736687
12.90699352,4.46E-05,1.86E-07,32.2297829
10.90463626,6.05E-05,1.73E-07,32.36331399
9.570164261,3.87E-05,2.11E-07,32.48625586
8.898509923,5.48E-05,3.32E-07,32.47833869
8.876154526,2.93E-05,3.96E-07,32.19074679
9.772186021,2.66E-05,3.39E-07,32.16078922
13.17167288,0.00002519,2.01E-07,31.56597958
15.46962184,2.28E-05,1.41E-07,31.51858462
18.74818711,9.94E-06,1.13E-07,31.10476337
18.87358994,2.49E-05,1.16E-07,31.20717889
16.87431372,3.88E-05,0.000000141,32.00248624
15.0473744,3.67E-05,1.66E-07,32.05177722
12.92615323,5.70E-05,1.89E-07,32.22347307
11.12687095,0.000059797,0.000000174,32.43413944
9.58431947,6.38E-05,2.09E-07,32.64528534
8.567190849,3.86E-05,3.37E-07,32.4864839
8.621287445,3.44E-05,3.64E-07,32.29872091
9.713100226,2.03E-05,0.000000316,32.08393216
12.37037052,2.08E-05,2.24E-07,31.71393617
15.00933254,1.94E-05,1.56E-07,31.28368096
18.52006979,1.84E-05,1.15E-07,31.36233982
18.34104163,1.61E-05,0.000000115,31.7845154
16.92752009,4.07E-05,1.42E-07,32.05206478
14.94989418,4.04E-05,1.68E-07,32.17068985
12.81366798,5.15E-05,1.85E-07,32.20372672
10.6665489,5.20E-05,1.53E-07,31.95810279
9.218163314,5.11E-05,2.16E-07,32.27384076
8.678374042,5.26E-05,0.000000351,32.49705443
8.754365613,3.35E-05,3.90E-07,32.15780122
10.31568478,3.48E-05,2.97E-07,31.78306607
11.87849843,1.49E-05,2.18E-07,31.42572955
14.9729484,2.54E-05,1.58E-07,31.06625964
17.33784305,2.72E-05,1.24E-07,30.9986239
18.18909305,2.32E-05,1.18E-07,31.13044682
16.45518645,2.94E-05,1.49E-07,31.6530855
14.83330545,0.000041497,1.81E-07,31.92027646
12.86486858,4.19E-05,1.81E-07,31.90502525
11.00540447,5.70E-05,1.66E-07,31.97292417
9.819917301,4.04E-05,2.00E-07,31.80063563
8.847743643,4.73E-05,3.82E-07,31.67545484
8.926329592,2.41E-05,3.71E-07,31.54609552
10.12261384,3.13E-05,3.14E-07,31.38140818
12.57618996,0.000025813,2.23E-07,31.25362638
15.17062908,1.98E-05,0.000000149,31.14016348
17.93576438,2.82E-05,1.25E-07,31.01582401
18.75322672,0.000019684,0.000000118,31.12652596
17.17194089,3.37E-05,1.47E-07,31.56641407
15.62182822,3.39E-05,1.73E-07,31.6375099
13.58242458,5.58E-05,1.80E-07,31.76709588
11.41447567,4.97E-05,0.000000165,31.75809895
9.986654637,5.39E-05,2.17E-07,31.87046498
9.284446122,5.60E-05,3.40E-07,32.13367078
9.285864875,3.69E-05,3.62E-07,32.16557148
10.42014488,2.96E-05,3.28E-07,31.84135382
12.47474755,2.45E-05,2.42E-07,31.33722768
14.75549711,3.24E-05,1.66E-07,31.1775153
17.50799659,1.54E-05,1.25E-07,31.24164393
19.13903253,1.72E-05,1.14E-07,30.94615955
17.46321399,3.36E-05,1.42E-07,31.72513357
15.39718085,2.62E-05,1.88E-07,31.99400679
13.38308345,4.03E-05,0.000000186,32.1651557
11.09959148,4.86E-05,1.78E-07,32.37910287
9.652672052,4.97E-05,2.10E-07,32.80365399
8.535207036,4.12E-05,3.56E-07,32.65359582
7.955821429,2.70E-05,4.10E-07,32.46962384
8.988772778,3.18E-05,3.76E-07,32.44957501
11.59261897,0.000028318,2.39E-07,31.92208442
14.37938307,2.94E-05,1.63E-07,32.03018488
16.80973999,1.96E-05,1.32E-07,31.86604182
18.06165409,0.000014258,1.23E-07,31.72008677
17.6265276,2.19E-05,1.24E-07,31.6132099
15.90541692,3.35E-05,1.69E-07,32.18241587
13.82626905,3.56E-05,1.77E-07,32.3080753
12.04937637,5.86E-05,1.75E-07,32.76690536
10.49541367,5.78E-05,2.05E-07,32.95251265
9.540337547,4.71E-05,3.44E-07,32.8438691
9.582911956,4.09E-05,3.70E-07,32.65215135
10.42246441,3.70E-05,2.70E-07,32.52974579
12.32662407,1.97E-05,1.99E-07,31.95597798
15.24163155,2.23E-05,1.41E-07,31.66394736
17.5550216,2.51E-05,1.19E-07,31.8343977
18.48370185,2.04E-05,0.000000116,31.97053253
17.53916336,1.13E-05,1.27E-07,31.84429512
16.23016606,3.59E-05,1.47E-07,32.02783807
13.8753424,3.76E-05,1.80E-07,32.36118461
11.35521065,5.40E-05,1.48E-07,32.2229776
10.71395279,4.31E-05,2.05E-07,32.82755897
10.01627794,4.73E-05,3.26E-07,32.67740798
10.0476194,3.93E-05,3.45E-07,32.40622915
10.78960178,2.56E-05,2.83E-07,32.11178355
13.73074161,2.90E-05,1.85E-07,31.78023736
16.22751149,2.71E-05,1.38E-07,31.57352547
18.53844303,1.55E-05,1.15E-07,31.40630089
19.47565185,1.99E-05,1.11E-07,31.44487259
18.29240072,2.68E-05,1.24E-07,31.60303356
16.25106688,4.20E-05,1.58E-07,31.93296502
14.17916328,0.000040461,1.74E-07,31.86495158
11.79530066,0.000061591,1.69E-07,32.12666854
10.58249284,4.62E-05,2.11E-07,32.34769461
10.23878267,4.34E-05,2.99E-07,32.45348232
10.10272678,4.21E-05,3.52E-07,32.37052642
10.47761684,0.000035188,3.03E-07,31.80402179
13.16213132,1.97E-05,2.13E-07,31.43284488
16.1913534,2.38E-05,1.36E-07,31.14225414
18.5979384,2.59E-05,1.12E-07,31.21647238
19.24413659,1.63E-05,1.13E-07,31.31599018
18.35175654,3.45E-05,0.000000125,31.6084796
16.61532234,3.28E-05,1.56E-07,31.89834821
14.2259266,2.53E-05,1.85E-07,31.81982545
12.14729118,4.50E-05,1.72E-07,31.93211845
10.32678183,4.43E-05,2.05E-07,32.01118593
9.735199525,4.84E-05,3.35E-07,32.41254254
9.509035832,4.77E-05,3.59E-07,32.35460138
10.52858648,2.42E-05,3.15E-07,31.95811411
13.63562188,2.25E-05,1.72E-07,31.44419876
16.53630049,2.32E-05,1.35E-07,31.13326205
17.92504765,1.87E-05,1.18E-07,31.48937539
18.51713573,2.12E-05,1.21E-07,31.60523438
17.67079851,2.69E-05,1.30E-07,31.74854596
15.95969555,4.32E-05,0.000000159,31.9477307
14.01429884,5.08E-05,1.77E-07,32.12235418
11.8997542,6.27E-05,1.70E-07,32.16038329
10.1646077,0.000057508,2.13E-07,32.41605986
9.359950904,3.43E-05,3.21E-07,32.35927705
9.39497716,0.000037095,3.42E-07,32.16495552
10.41617387,0.000034335,3.05E-07,31.93728641
12.49987002,2.75E-05,2.22E-07,31.60973674
15.26569454,2.05E-05,1.60E-07,31.44045361
18.05475084,1.74E-05,1.21E-07,31.28189398
18.78690436,1.90E-05,1.13E-07,31.4464343
17.67234465,2.18E-05,0.00000013,31.60632113
15.86563178,3.78E-05,1.59E-07,31.9791361
13.66600156,5.42E-05,1.75E-07,32.06997975
11.2945111,4.78E-05,1.68E-07,32.26558253
9.839721272,3.37E-05,2.02E-07,32.20198446
8.942049479,3.19E-05,3.46E-07,32.04787957
8.992480147,3.00E-05,3.77E-07,32.02769764
9.554335167,2.49E-05,3.46E-07,31.62598662
12.98615555,1.70E-05,1.77E-07,31.37870406
15.80799935,3.23E-05,1.34E-07,31.32751174
18.50468342,2.25E-05,1.10E-07,31.22601448
18.8563901,2.27E-05,1.11E-07,31.4248882
18.10908315,0.000022137,1.20E-07,31.61191758
15.895834,3.48E-05,1.57E-07,31.91994547
13.69807035,5.89E-05,1.87E-07,32.25224267
12.04727103,5.03E-05,1.65E-07,31.85906705
10.30293623,3.74E-05,1.96E-07,31.71700545
9.329332467,3.71E-05,3.41E-07,31.87649413
9.49782518,3.99E-05,3.70E-07,31.95405384
10.34947237,2.03E-05,0.000000308,31.42680166
12.70370399,0.000015487,1.84E-07,31.09792935
16.59841967,3.33E-05,1.29E-07,30.84147658
17.54578971,2.97E-05,1.24E-07,31.10656375
19.09621301,1.93E-05,0.000000115,31.03386439
17.84354578,2.37E-05,1.33E-07,31.25790228
16.13926837,3.07E-05,0.000000151,31.35503817
13.9162513,4.78E-05,1.83E-07,31.81502849
11.76803779,6.55E-05,1.61E-07,31.82960573
10.46406056,5.91E-05,2.01E-07,32.03343396
9.621836399,2.95E-05,0.000000332,31.92173445
8.888775202,3.35E-05,4.18E-07,31.62588453
10.53833345,1.73E-05,2.84E-07,31.3419676
12.77302531,1.59E-05,1.93E-07,31.36433
15.84035307,1.30E-05,1.44E-07,31.10009355
18.7556685,9.44E-06,1.10E-07,31.21293389
19.3510747,1.51E-05,1.12E-07,31.42202446
18.27380278,2.56E-05,1.28E-07,31.60977324
16.65362836,3.78E-05,1.57E-07,31.83320459
14.51241749,5.08E-05,1.66E-07,31.89375045
12.28146204,5.10E-05,1.67E-07,31.99993845
10.57118051,4.85E-05,2.14E-07,31.88264841
9.561131041,5.70E-05,3.41E-07,31.9557284
9.220141,3.93E-05,3.60E-07,31.82330858
10.03382602,1.70E-05,0.000000275,31.30465032
12.19790462,2.12E-05,0.000000187,31.28142339
15.45326611,2.26E-05,0.000000133,31.11211356
18.03203228,2.12E-05,1.22E-07,30.9951808
19.71982345,0.000015168,1.01E-07,30.87849565
18.43531413,1.54E-05,1.16E-07,30.99799387
16.82764245,3.52E-05,1.41E-07,31.25122779
14.07541707,5.74E-05,1.86E-07,31.59241663
12.10187825,4.54E-05,1.71E-07,31.69883602
10.2846408,4.08E-05,2.04E-07,31.57293716
9.130111785,3.31E-05,3.88E-07,31.50950941
9.133559146,3.38E-05,3.81E-07,31.50979042
10.67257028,2.02E-05,2.76E-07,31.22664467
13.13292746,1.52E-05,2.05E-07,31.0495605
15.45228265,1.96E-05,1.46E-07,31.26165645
17.38027781,1.19E-05,1.35E-07,31.25892883
18.7023464,1.87E-05,1.15E-07,31.31057263
17.51552618,2.84E-05,1.42E-07,31.6365326
15.99603715,3.86E-05,1.63E-07,31.64015695
14.02664926,0.000057692,1.73E-07,31.71448913
11.95171627,6.41E-05,1.69E-07,31.80312115
10.53162668,5.00E-05,2.19E-07,31.79764959
9.495092209,4.49E-05,3.51E-07,31.7596585
9.263050254,2.93E-05,3.58E-07,31.58886054
9.958693667,2.30E-05,2.71E-07,31.2885917
12.93556861,1.53E-05,1.64E-07,31.01502382
16.03910655,2.70E-05,1.35E-07,30.87683828
17.56196239,0.000023925,1.26E-07,31.21375338
18.97021258,2.24E-05,1.15E-07,31.23675195
18.03703953,0.000039958,1.29E-07,31.47005208
16.00911196,4.01E-05,1.52E-07,31.60901693
13.4708539,5.11E-05,1.78E-07,31.68720105
11.40204777,4.97E-05,1.74E-07,31.7921751
10.14716216,5.69E-05,2.07E-07,31.91674414
9.349982676,5.46E-05,3.42E-07,31.74589438
9.213273873,4.27E-05,3.43E-07,31.65594245
10.37950346,2.89E-05,2.67E-07,31.22362753
13.49281659,2.39E-05,1.65E-07,30.57676287
16.18687973,1.83E-05,1.32E-07,30.67535027
18.38653155,1.47E-05,1.14E-07,30.63920315
19.85754195,2.27E-05,1.04E-07,30.64992773
18.43539298,2.65E-05,1.21E-07,31.03184233
16.06035024,4.03E-05,1.55E-07,31.27240283
13.88454571,6.40E-05,1.79E-07,31.42268998
11.95458942,5.06E-05,1.69E-07,31.43702799
10.48771384,5.32E-05,2.10E-07,31.64478033
9.853411649,5.14E-05,3.11E-07,31.72049002
9.614153638,3.20E-05,3.40E-07,31.41054917
10.54989047,3.17E-05,2.99E-07,31.32504928
13.05241369,2.34E-05,1.82E-07,30.85939728
15.93298212,2.21E-05,1.41E-07,30.63482198
18.37049769,0.000014162,1.16E-07,30.49751892
20.03978548,1.52E-05,1.04E-07,30.39289325
18.31518132,2.85E-05,1.30E-07,31.07595629
16.61290331,4.57E-05,1.52E-07,31.31256094
14.66988704,5.53E-05,1.68E-07,31.61935237
12.18875438,4.72E-05,1.79E-07,31.53337593
10.81530292,4.56E-05,2.05E-07,31.86452861
10.13520539,5.37E-05,3.16E-07,31.91018572
9.73438753,4.24E-05,3.66E-07,31.66532092
10.70212894,2.80E-05,2.78E-07,31.53039099
13.07028752,0.000024148,1.86E-07,31.03711333
16.06002064,2.69E-05,1.42E-07,30.87747268
17.91329054,1.83E-05,1.24E-07,30.98584348
18.62198129,1.77E-05,1.17E-07,31.1002387
17.99402592,0.000027133,1.27E-07,31.01620168
15.9084464,3.66E-05,1.59E-07,31.37787345
13.74850752,5.97E-05,1.88E-07,31.5326019
11.8312367,6.73E-05,1.72E-07,31.79152284
10.4212561,5.38E-05,2.11E-07,31.96032958
9.64192655,0.000050788,3.31E-07,31.89490724
9.601296109,0.000041006,3.62E-07,31.81247755
10.39844715,3.36E-05,2.97E-07,31.67993318
12.59964132,2.80E-05,2.28E-07,31.00638617
15.38194612,0.000025321,0.000000148,30.77361178
18.69659507,9.17E-06,1.12E-07,30.78334367
18.67617997,2.29E-05,0.000000117,31.09320474
18.44252008,1.63E-05,1.20E-07,31.15331695
16.73851605,3.48E-05,1.56E-07,31.45081601
14.12662703,5.15E-05,0.00000019,31.77375278
12.24511822,6.12E-05,0.00000016,32.06390555
10.53823383,5.52E-05,2.04E-07,31.99834692
9.865514517,6.12E-05,3.21E-07,31.96567639
9.3159034,0.000038125,3.71E-07,31.50357101
10.3701774,2.09E-05,2.90E-07,31.3898132
12.89119966,1.20E-05,1.81E-07,30.89981392
16.37125916,0.000014949,1.25E-07,30.83205307
18.06344836,0.00001573,1.15E-07,30.97302515
19.09986047,1.17E-05,1.13E-07,31.03214821
18.63824527,2.01E-05,1.15E-07,31.01455645
16.28223743,3.46E-05,1.56E-07,31.65921981
14.13013138,5.33E-05,1.79E-07,31.87269843
11.95916814,5.81E-05,1.66E-07,31.93111177
10.58869064,5.60E-05,2.11E-07,31.96102271
9.805391974,4.54E-05,3.00E-07,31.86685256
9.550782228,4.66E-05,3.41E-07,31.83766415
10.65313387,2.21E-05,2.93E-07,31.46738474
13.29295163,1.22E-05,2.18E-07,31.12064954
15.62776086,1.20E-05,1.68E-07,30.93600132
19.10188989,1.53E-05,1.16E-07,30.64069038
19.53680037,1.31E-05,1.11E-07,30.96299827
19.32650588,1.39E-05,1.13E-07,31.19518015
16.78882755,3.40E-05,1.50E-07,31.53866083
13.88011268,5.19E-05,1.80E-07,32.00834159
11.91524191,5.67E-05,1.64E-07,32.05366232
10.55945612,5.79E-05,0.000000203,31.98146246
9.650278961,3.75E-05,3.07E-07,31.84203792
9.757323403,0.000051096,3.31E-07,31.79908141
10.82301355,2.53E-05,0.000000283,31.39096504
12.93560775,2.53E-05,2.01E-07,30.89100101
15.79197333,2.01E-05,1.34E-07,30.88557539
18.65038203,1.30E-05,0.000000115,30.82025161
19.72843881,1.46E-05,1.08E-07,31.05556926
18.8537233,2.62E-05,1.19E-07,31.33402178
16.94191948,3.54E-05,1.58E-07,31.74704362
14.82288886,6.11E-05,1.75E-07,31.91548275
12.53606252,5.73E-05,1.65E-07,31.84601499
11.27036379,0.000043907,2.08E-07,31.87766505
10.45713832,3.11E-05,0.00000033,31.65499533
9.969066862,3.62E-05,3.37E-07,31.38850632
11.17160841,2.69E-05,2.69E-07,31.22664076
13.76028448,2.92E-05,1.69E-07,30.88374078
16.29807314,2.99E-05,0.000000135,30.63679408
18.83591983,2.01E-05,1.16E-07,30.68589244
20.62787752,2.25E-05,0.000000108,30.54352147
19.09667188,3.35E-05,0.000000122,30.96289504
16.55743421,3.25E-05,1.55E-07,31.26790711
14.76831658,6.49E-05,1.75E-07,31.47061082
12.6287543,3.64E-05,1.74E-07,31.30396247
11.10410545,4.63E-05,2.19E-07,31.64147161
10.58137303,5.22E-05,3.35E-07,31.74826341
10.63984998,2.77E-05,3.12E-07,31.48765315
11.31478636,3.39E-05,2.70E-07,31.47613167
14.38311875,1.97E-05,1.72E-07,30.71347807
16.77563857,2.49E-05,1.25E-07,30.7773883
19.11186795,1.76E-05,1.08E-07,30.86791707
20.06369469,1.33E-05,1.09E-07,30.91299796
19.22370324,3.62E-05,1.21E-07,31.06474155
16.55385899,2.93E-05,1.49E-07,31.13127392
14.50241565,6.03E-05,1.72E-07,31.89501515
12.88073968,4.98E-05,1.63E-07,32.01656192
11.57906382,5.78E-05,1.99E-07,32.20711495
10.69686362,3.78E-05,2.87E-07,32.09149725
10.43996038,0.000038125,3.31E-07,31.97144225
11.25631208,2.69E-05,2.98E-07,31.785468
13.57598731,1.80E-05,2.30E-07,31.38180349
15.52108326,2.76E-05,1.60E-07,31.5670565
18.12439517,1.94E-05,1.32E-07,31.67872096
19.07710426,2.50E-05,1.25E-07,31.69683867
18.18701253,3.74E-05,1.43E-07,31.95924225
16.16677687,3.53E-05,1.80E-07,32.2525369
14.64234338,5.67E-05,1.83E-07,32.27882415
12.38078618,5.26E-05,1.69E-07,32.29433994
11.18346554,4.42E-05,2.06E-07,32.23146151
10.20682635,4.66E-05,3.31E-07,32.14705332
10.18636106,3.58E-05,3.26E-07,32.08692602
10.96470076,0.000027276,2.95E-07,31.88497153
13.02144486,3.44E-05,2.05E-07,31.58501503
16.4947583,2.19E-05,1.32E-07,31.01637413
19.81639374,1.64E-05,1.06E-07,31.03537283
20.13723842,1.51E-05,1.05E-07,31.24894247
19.09008009,3.38E-05,1.19E-07,31.47366315
17.23064882,4.67E-05,1.49E-07,31.87215647
14.78442763,6.26E-05,1.74E-07,31.90853464
12.60691501,0.000057608,0.000000173,31.98886398
10.90262865,6.20E-05,2.04E-07,31.77874338
9.973701985,0.000048378,3.55E-07,31.90782038
10.06652938,3.50E-05,0.000000327,31.64524072
10.75708359,2.65E-05,2.73E-07,31.62029589
13.96849442,2.78E-05,1.69E-07,30.89437777
16.68243937,0.000022496,1.28E-07,30.76878352
18.29398059,1.61E-05,1.14E-07,30.90939766
19.24124226,2.66E-05,1.13E-07,31.1209852
18.67010607,0.000017117,1.26E-07,31.27216509
17.43344935,3.88E-05,0.000000147,31.45804192
15.03207036,6.05E-05,1.75E-07,31.82320473
12.74907373,4.79E-05,1.61E-07,31.77007513
11.52897946,0.0000635,1.99E-07,31.9832453
10.50158177,5.54E-05,3.27E-07,32.04413934
10.34555194,2.52E-05,3.47E-07,31.79125368
10.99697299,3.18E-05,2.93E-07,31.48590464
13.1426211,0.000030785,2.08E-07,31.33886453
16.70212404,1.88E-05,1.31E-07,31.03083988
19.29751081,1.72E-05,1.08E-07,31.02873345
20.35409933,0.000014546,1.07E-07,31.05982495
19.30508429,0.000023656,1.19E-07,31.41352848
17.37685842,3.81E-05,1.52E-07,31.82454908
14.94525483,5.24E-05,1.79E-07,32.07226723
12.75056648,4.80E-05,1.63E-07,32.07036318
11.41524218,5.21E-05,2.06E-07,32.35836276
10.58307351,4.47E-05,3.24E-07,31.94987485
10.31495097,3.80E-05,3.39E-07,31.64789951
11.31158812,2.39E-05,2.70E-07,31.18361846
14.25209266,2.23E-05,1.59E-07,30.96008976
16.48307215,2.41E-05,1.36E-07,31.21109771
19.01391483,1.69E-05,1.11E-07,31.21127728
20.67002429,1.60E-05,1.05E-07,30.85886966
19.57617535,2.19E-05,1.15E-07,31.10661092
17.30753238,3.86E-05,1.37E-07,31.28891762
15.13777415,5.25E-05,1.70E-07,31.73930887
13.05958944,6.72E-05,1.68E-07,32.16635788
11.25321301,0.000045203,0.000000222,32.02144246
10.37885791,4.54E-05,3.38E-07,32.06468095
10.10299354,3.97E-05,0.000000316,31.71854896
10.8893446,0.000031939,2.64E-07,31.71529806
13.10918954,2.19E-05,1.85E-07,31.17013765
16.60590937,2.26E-05,1.29E-07,30.64650833
18.85958976,1.24E-05,1.11E-07,30.75758142
19.94620095,2.49E-05,1.05E-07,31.09928535
19.1892301,2.41E-05,1.19E-07,31.30215257
17.20064855,4.19E-05,1.46E-07,31.65090585
14.86498629,6.65E-05,1.68E-07,31.78864015
12.47770919,6.01E-05,1.66E-07,31.92114719
10.83516033,5.37E-05,2.10E-07,31.97088709
10.00662459,5.52E-05,3.31E-07,31.95815246
9.930541635,2.52E-05,3.23E-07,31.56676588
11.0610064,2.25E-05,2.48E-07,31.01235381
13.1698418,3.01E-05,1.77E-07,30.99402688
15.9175533,2.07E-05,1.36E-07,30.78056434
18.70602118,2.12E-05,1.13E-07,30.88031481
19.75361118,1.81E-05,1.13E-07,30.96106547
19.26466811,0.000020968,1.19E-07,30.95946695
17.36663618,0.00002643,1.40E-07,31.20792385
15.32230358,6.68E-05,1.67E-07,31.42845183
12.80645922,5.66E-05,1.69E-07,31.74105002
