Year,JSD
sub_ts_Apr2030_Mar2031,0.018245406729839146
sub_ts_Apr2031_Mar2032,0.026216070135463287
sub_ts_Apr2032_Mar2033,0.005634884826644329
sub_ts_Apr2033_Mar2034,0.029803840590215205
sub_ts_Apr2034_Mar2035,0.04007897802561143
sub_ts_Apr2035_Mar2036,0.010866026132206465
sub_ts_Apr2036_Mar2037,0.011922423134684324
sub_ts_Apr2037_Mar2038,0.017269739206875023
sub_ts_Apr2038_Mar2039,0.03948599703834627
sub_ts_Apr2039_Mar2040,0.011963098493070014
sub_ts_Aug2030_Jul2031,0.021509499660066142
sub_ts_Aug2031_Jul2032,0.024387261691352385
sub_ts_Aug2032_Jul2033,0.01250876975657222
sub_ts_Aug2033_Jul2034,0.03369571730526287
sub_ts_Aug2034_Jul2035,0.03237133128067525
sub_ts_Aug2035_Jul2036,0.007940409596886928
sub_ts_Aug2036_Jul2037,0.009082812359536244
sub_ts_Aug2037_Jul2038,0.026876074064365617
sub_ts_Aug2038_Jul2039,0.028197143239956597
sub_ts_Aug2039_Jul2040,0.0231383178430109
sub_ts_Dec2030_Nov2031,0.013690129816740941
sub_ts_Dec2031_Nov2032,0.02412084289800505
sub_ts_Dec2032_Nov2033,0.027585931607544863
sub_ts_Dec2033_Nov2034,0.03691340098382144
sub_ts_Dec2034_Nov2035,0.02195874769101791
sub_ts_Dec2035_Nov2036,0.007688024353787003
sub_ts_Dec2036_Nov2037,0.010842571434754145
sub_ts_Dec2037_Nov2038,0.046122805258153425
sub_ts_Dec2038_Nov2039,0.01029038941794491
sub_ts_Dec2039_Nov2040,0.03697475259938645
sub_ts_Feb2030_Jan2031,0.019050103046430903
sub_ts_Feb2031_Jan2032,0.017782081190695555
sub_ts_Feb2032_Jan2033,0.0246685122489199
sub_ts_Feb2033_Jan2034,0.02905138164921132
sub_ts_Feb2034_Jan2035,0.03393099420169683
sub_ts_Feb2035_Jan2036,0.018152642408718063
sub_ts_Feb2036_Jan2037,0.006003420470464059
sub_ts_Feb2037_Jan2038,0.0178946373916795
sub_ts_Feb2038_Jan2039,0.04371290446742169
sub_ts_Feb2039_Jan2040,0.0032968315828120214
sub_ts_Jan2030_Dec2030,0.02085194690556939
sub_ts_Jan2031_Dec2031,0.015902866280772494
sub_ts_Jan2032_Dec2032,0.02399292947138069
sub_ts_Jan2033_Dec2033,0.028361501964804848
sub_ts_Jan2034_Dec2034,0.03466185141596703
sub_ts_Jan2035_Dec2035,0.018987283180264214
sub_ts_Jan2036_Dec2036,0.006834662467115688
sub_ts_Jan2037_Dec2037,0.014255926540756978
sub_ts_Jan2038_Dec2038,0.04620244842761851
sub_ts_Jan2039_Dec2039,0.011870268750493625
sub_ts_Jan2040_Dec2040,0.03647146693807996
sub_ts_Jul2030_Jun2031,0.019102877232472355
sub_ts_Jul2031_Jun2032,0.023783926798868614
sub_ts_Jul2032_Jun2033,0.004253504926349611
sub_ts_Jul2033_Jun2034,0.03139617761063571
sub_ts_Jul2034_Jun2035,0.03978486084059799
sub_ts_Jul2035_Jun2036,0.011901581864431859
sub_ts_Jul2036_Jun2037,0.009081141566506667
sub_ts_Jul2037_Jun2038,0.015550577466798892
sub_ts_Jul2038_Jun2039,0.03913435784642982
sub_ts_Jul2039_Jun2040,0.021137509939845943
sub_ts_Jun2030_May2031,0.013202745657842624
sub_ts_Jun2031_May2032,0.026277004108420692
sub_ts_Jun2032_May2033,0.002236243954324194
sub_ts_Jun2033_May2034,0.03424165068768377
sub_ts_Jun2034_May2035,0.041728203263039845
sub_ts_Jun2035_May2036,0.010118046071348084
sub_ts_Jun2036_May2037,0.010435009182050554
sub_ts_Jun2037_May2038,0.015359958024659386
sub_ts_Jun2038_May2039,0.03850817400064379
sub_ts_Jun2039_May2040,0.02024664902505937
sub_ts_Mar2030_Feb2031,0.018830708018040217
sub_ts_Mar2031_Feb2032,0.02187847760396654
sub_ts_Mar2032_Feb2033,0.01856517050457727
sub_ts_Mar2033_Feb2034,0.030117454447427885
sub_ts_Mar2034_Feb2035,0.03588125165956111
sub_ts_Mar2035_Feb2036,0.016727964092064264
sub_ts_Mar2036_Feb2037,0.012207996781873098
sub_ts_Mar2037_Feb2038,0.012623673565058346
sub_ts_Mar2038_Feb2039,0.042021343867919975
sub_ts_Mar2039_Feb2040,0.00235652307446321
sub_ts_May2030_Apr2031,0.014049702517741848
sub_ts_May2031_Apr2032,0.028517879620482064
sub_ts_May2032_Apr2033,0.002260649847695207
sub_ts_May2033_Apr2034,0.031369053427073704
sub_ts_May2034_Apr2035,0.042113297276760005
sub_ts_May2035_Apr2036,0.010093973451852757
sub_ts_May2036_Apr2037,0.0104348297350037
sub_ts_May2037_Apr2038,0.017746975281307656
sub_ts_May2038_Apr2039,0.0400416312708465
sub_ts_May2039_Apr2040,0.018924077455824924
sub_ts_Nov2030_Oct2031,0.009403006717042079
sub_ts_Nov2031_Oct2032,0.02512784129427216
sub_ts_Nov2032_Oct2033,0.026658080162269133
sub_ts_Nov2033_Oct2034,0.039391651869181046
sub_ts_Nov2034_Oct2035,0.022394634112683883
sub_ts_Nov2035_Oct2036,0.007533738674018811
sub_ts_Nov2036_Oct2037,0.008963862546712224
sub_ts_Nov2037_Oct2038,0.04605828925301766
sub_ts_Nov2038_Oct2039,0.01035157815693454
sub_ts_Nov2039_Oct2040,0.03654995395826062
sub_ts_Oct2030_Sep2031,0.017241970154341205
sub_ts_Oct2031_Sep2032,0.026671395092510264
sub_ts_Oct2032_Sep2033,0.021831617793802445
sub_ts_Oct2033_Sep2034,0.03876586167203904
sub_ts_Oct2034_Sep2035,0.02212943557187038
sub_ts_Oct2035_Sep2036,0.009799744894322816
sub_ts_Oct2036_Sep2037,0.008844478779022218
sub_ts_Oct2037_Sep2038,0.049408927876997376
sub_ts_Oct2038_Sep2039,0.010331061274143911
sub_ts_Oct2039_Sep2040,0.028735466088645693
sub_ts_Sep2030_Aug2031,0.025070397335205323
sub_ts_Sep2031_Aug2032,0.028648147968377675
sub_ts_Sep2032_Aug2033,0.018300419684876362
sub_ts_Sep2033_Aug2034,0.03636080529773242
sub_ts_Sep2034_Aug2035,0.026729683448923437
sub_ts_Sep2035_Aug2036,0.008384431785366952
sub_ts_Sep2036_Aug2037,0.012791389527398585
sub_ts_Sep2037_Aug2038,0.046884549959442204
sub_ts_Sep2038_Aug2039,0.014501036339125967
sub_ts_Sep2039_Aug2040,0.026470531077389746
