Date,THETAO
1-Jan-1993,7.70991632
1-Feb-1993,6.498246976
1-Mar-1993,6.916063722
1-Apr-1993,8.653757526
1-May-1993,11.26386106
1-Jun-1993,13.64670176
1-Jul-1993,16.29898587
1-Aug-1993,17.50186643
1-Sep-1993,16.8073858
1-Oct-1993,15.00316484
1-Nov-1993,12.01579522
1-Dec-1993,9.170996541
1-Jan-1994,8.363532664
1-Feb-1994,7.174406219
1-Mar-1994,7.781196451
1-Apr-1994,9.763474332
1-May-1994,11.91518496
1-Jun-1994,14.15437425
1-Jul-1994,16.550852
1-Aug-1994,17.71528296
1-Sep-1994,17.21263354
1-Oct-1994,14.70002178
1-Nov-1994,12.16103539
1-Dec-1994,9.402156763
1-Jan-1995,6.857689023
1-Feb-1995,6.240832578
1-Mar-1995,5.832150409
1-Apr-1995,7.989093724
1-May-1995,10.96932548
1-Jun-1995,14.32897687
1-Jul-1995,16.64778184
1-Aug-1995,18.23182259
1-Sep-1995,17.19557798
1-Oct-1995,14.46319471
1-Nov-1995,12.17488044
1-Dec-1995,9.424952065
1-Jan-1996,7.598886207
1-Feb-1996,6.71845003
1-Mar-1996,8.1359452
1-Apr-1996,9.740628135
1-May-1996,11.20532157
1-Jun-1996,15.02374368
1-Jul-1996,16.70068783
1-Aug-1996,18.49262365
1-Sep-1996,17.42222959
1-Oct-1996,15.58211309
1-Nov-1996,12.5464976
1-Dec-1996,10.04268492
1-Jan-1997,7.848436536
1-Feb-1997,7.254565198
1-Mar-1997,7.241043787
1-Apr-1997,9.13979352
1-May-1997,11.61099348
1-Jun-1997,14.12113402
1-Jul-1997,16.58496469
1-Aug-1997,17.7505973
1-Sep-1997,17.38838258
1-Oct-1997,15.2011183
1-Nov-1997,12.97759285
1-Dec-1997,9.779217401
1-Jan-1998,7.41804051
1-Feb-1998,5.932482348
1-Mar-1998,6.085547032
1-Apr-1998,8.065835713
1-May-1998,11.57375959
1-Jun-1998,14.07526642
1-Jul-1998,16.57389789
1-Aug-1998,17.49723349
1-Sep-1998,16.88522044
1-Oct-1998,14.73531595
1-Nov-1998,12.46492942
1-Dec-1998,9.404352251
1-Jan-1999,8.761970136
1-Feb-1999,6.79188988
1-Mar-1999,6.896069807
1-Apr-1999,8.944869034
1-May-1999,11.16422949
1-Jun-1999,14.00229328
1-Jul-1999,16.92533889
1-Aug-1999,18.52596879
1-Sep-1999,17.69628824
1-Oct-1999,15.39773783
1-Nov-1999,12.49072386
1-Dec-1999,9.672421982
1-Jan-2000,7.579424792
1-Feb-2000,6.819752466
1-Mar-2000,7.747506656
1-Apr-2000,9.490976939
1-May-2000,11.41075229
1-Jun-2000,13.92684463
1-Jul-2000,16.53703734
1-Aug-2000,17.92011215
1-Sep-2000,17.75021741
1-Oct-2000,15.70772117
1-Nov-2000,12.61453229
1-Dec-2000,9.546756885
1-Jan-2001,7.405287434
1-Feb-2001,6.954870802
1-Mar-2001,7.886477119
1-Apr-2001,8.73896042
1-May-2001,11.26141271
1-Jun-2001,14.04411712
1-Jul-2001,16.56360571
1-Aug-2001,18.18474054
1-Sep-2001,17.20905257
1-Oct-2001,16.00581881
1-Nov-2001,13.19023304
1-Dec-2001,10.24540502
1-Jan-2002,8.573405349
1-Feb-2002,7.789183322
1-Mar-2002,6.993000372
1-Apr-2002,9.190255002
1-May-2002,11.42172336
1-Jun-2002,14.30931632
1-Jul-2002,16.89992372
1-Aug-2002,17.79275601
1-Sep-2002,17.63207161
1-Oct-2002,15.39379283
1-Nov-2002,12.6207418
1-Dec-2002,10.00399864
1-Jan-2003,8.668485646
1-Feb-2003,6.841555039
1-Mar-2003,7.029294986
1-Apr-2003,8.939035321
1-May-2003,11.74903472
1-Jun-2003,14.27740066
1-Jul-2003,16.92197079
1-Aug-2003,18.23651667
1-Sep-2003,17.62396744
1-Oct-2003,15.5623347
1-Nov-2003,12.79061239
1-Dec-2003,10.09242957
1-Jan-2004,7.925261795
1-Feb-2004,6.957313719
1-Mar-2004,6.888832653
1-Apr-2004,8.610941109
1-May-2004,11.53501723
1-Jun-2004,15.20933502
1-Jul-2004,17.48882542
1-Aug-2004,19.25737964
1-Sep-2004,18.31531199
1-Oct-2004,16.48008312
1-Nov-2004,12.71833886
1-Dec-2004,10.30142789
1-Jan-2005,8.383724468
1-Feb-2005,7.890494221
1-Mar-2005,6.903454897
1-Apr-2005,9.239271651
1-May-2005,12.72953585
1-Jun-2005,14.48060303
1-Jul-2005,17.62646703
1-Aug-2005,18.72640267
1-Sep-2005,18.33474526
1-Oct-2005,16.41580428
1-Nov-2005,13.49394274
1-Dec-2005,9.045974083
1-Jan-2006,7.543666684
1-Feb-2006,7.074502583
1-Mar-2006,7.14199179
1-Apr-2006,9.034681247
1-May-2006,11.47287543
1-Jun-2006,14.27755984
1-Jul-2006,16.77866065
1-Aug-2006,18.57241023
1-Sep-2006,18.06777511
1-Oct-2006,15.70100215
1-Nov-2006,12.74608768
1-Dec-2006,10.14249511
1-Jan-2007,8.135590964
1-Feb-2007,6.752171243
1-Mar-2007,7.448105906
1-Apr-2007,9.256621576
1-May-2007,12.52734138
1-Jun-2007,14.89619411
1-Jul-2007,18.00147674
1-Aug-2007,18.72794918
1-Sep-2007,18.38350272
1-Oct-2007,15.91059468
1-Nov-2007,13.12213418
1-Dec-2007,10.29698419
1-Jan-2008,8.586369331
1-Feb-2008,8.428087789
1-Mar-2008,8.000178411
1-Apr-2008,9.024267889
1-May-2008,12.18783
1-Jun-2008,14.77946978
1-Jul-2008,17.169785
1-Aug-2008,19.08282024
1-Sep-2008,17.61316374
1-Oct-2008,15.12050326
1-Nov-2008,12.6707661
1-Dec-2008,10.13904745
1-Jan-2009,8.280048808
1-Feb-2009,7.967199003
1-Mar-2009,7.875659368
1-Apr-2009,9.425469815
1-May-2009,11.79179651
1-Jun-2009,14.98547566
1-Jul-2009,18.30361848
1-Aug-2009,18.94762301
1-Sep-2009,18.24368867
1-Oct-2009,16.65540482
1-Nov-2009,12.88273697
1-Dec-2009,9.942087557
1-Jan-2010,8.291071023
1-Feb-2010,7.769796481
1-Mar-2010,8.593724878
1-Apr-2010,9.478935204
1-May-2010,12.22698731
1-Jun-2010,14.6429893
1-Jul-2010,16.85715533
1-Aug-2010,18.42420051
1-Sep-2010,17.86882572
1-Oct-2010,16.11953414
1-Nov-2010,13.3509083
1-Dec-2010,10.31199073
1-Jan-2011,8.517200846
1-Feb-2011,7.298894334
1-Mar-2011,7.909004163
1-Apr-2011,9.126079312
1-May-2011,11.49942152
1-Jun-2011,14.65597522
1-Jul-2011,16.87492773
1-Aug-2011,18.4005705
1-Sep-2011,17.52102147
1-Oct-2011,15.18436055
1-Nov-2011,12.60207707
1-Dec-2011,9.92404773
1-Jan-2012,7.957568387
1-Feb-2012,7.821275413
1-Mar-2012,7.923564932
1-Apr-2012,9.380734256
1-May-2012,11.90364832
1-Jun-2012,14.83577012
1-Jul-2012,17.02267627
1-Aug-2012,18.20089855
1-Sep-2012,17.64338473
1-Oct-2012,15.48937641
1-Nov-2012,12.67326194
1-Dec-2012,10.03393814
1-Jan-2013,8.644716125
1-Feb-2013,7.325061513
1-Mar-2013,7.130373288
1-Apr-2013,8.862428456
1-May-2013,12.00686422
1-Jun-2013,14.52496695
1-Jul-2013,17.81659883
1-Aug-2013,18.9343574
1-Sep-2013,18.35550836
1-Oct-2013,15.33758944
1-Nov-2013,13.09385811
1-Dec-2013,9.223371146
1-Jan-2014,7.101960296
1-Feb-2014,6.126116514
1-Mar-2014,6.520475041
1-Apr-2014,8.328811396
1-May-2014,11.437941
1-Jun-2014,14.28891903
1-Jul-2014,17.41149339
1-Aug-2014,18.98688456
1-Sep-2014,17.51205566
1-Oct-2014,15.42270216
1-Nov-2014,12.95207863
1-Dec-2014,9.695137903
1-Jan-2015,7.475761424
1-Feb-2015,7.157427906
1-Mar-2015,7.435895686
1-Apr-2015,9.090728052
1-May-2015,11.9270754
1-Jun-2015,14.75308543
1-Jul-2015,17.14649146
1-Aug-2015,18.51608961
1-Sep-2015,17.69908644
1-Oct-2015,15.38582651
1-Nov-2015,12.54992685
1-Dec-2015,10.31193786
1-Jan-2016,8.532042496
1-Feb-2016,7.070201308
1-Mar-2016,6.629506136
1-Apr-2016,8.356497416
1-May-2016,11.13333206
1-Jun-2016,14.80025609
1-Jul-2016,17.4782282
1-Aug-2016,18.91726802
1-Sep-2016,17.97800945
1-Oct-2016,15.99674361
1-Nov-2016,12.56932339
1-Dec-2016,9.74749238
1-Jan-2017,8.332871638
1-Feb-2017,7.097532151
1-Mar-2017,7.309538505
1-Apr-2017,9.094239728
1-May-2017,12.10337717
1-Jun-2017,14.57396331
1-Jul-2017,17.49630328
1-Aug-2017,18.73262093
1-Sep-2017,17.87699713
1-Oct-2017,15.61620359
1-Nov-2017,13.05240386
1-Dec-2017,9.802666332
1-Jan-2018,7.911773091
1-Feb-2018,6.807238947
1-Mar-2018,6.781203326
1-Apr-2018,8.352885579
1-May-2018,11.7014792
1-Jun-2018,14.2689947
1-Jul-2018,16.50559513
1-Aug-2018,18.37217768
1-Sep-2018,17.57470475
1-Oct-2018,15.2007438
1-Nov-2018,12.37235977
1-Dec-2018,10.21922345
1-Jan-2019,8.618050822
1-Feb-2019,6.844312031
1-Mar-2019,6.752833587
1-Apr-2019,8.477396868
1-May-2019,11.81921568
1-Jun-2019,14.50879615
1-Jul-2019,17.0360872
1-Aug-2019,17.91123903
1-Sep-2019,17.92535568
1-Oct-2019,15.30000267
1-Nov-2019,12.39994984
1-Dec-2019,10.07545689
1-Jan-2020,8.577521078
1-Feb-2020,6.563518804
1-Mar-2020,7.277682281
1-Apr-2020,9.4897192
1-May-2020,11.84168473
1-Jun-2020,14.4571654
1-Jul-2020,16.59137909
1-Aug-2020,18.11298181
1-Sep-2020,17.75939272
1-Oct-2020,15.19972142
1-Nov-2020,12.37436707
1-Dec-2020,9.808290485
1-Jan-2021,7.723381652
1-Feb-2021,6.408308821
1-Mar-2021,7.148851107
1-Apr-2021,9.250615412
1-May-2021,11.42894612
1-Jun-2021,14.46240675
1-Jul-2021,16.87999926
1-Aug-2021,18.2245408
1-Sep-2021,17.82243766
1-Oct-2021,15.03549985
1-Nov-2021,12.74854584
1-Dec-2021,9.962010727
1-Jan-2022,7.894952359
1-Feb-2022,7.615894805
1-Mar-2022,7.56864732
1-Apr-2022,8.842659134
1-May-2022,11.76582579
1-Jun-2022,14.21023164
1-Jul-2022,17.18704183
1-Aug-2022,18.59176288
1-Sep-2022,17.40750147
1-Oct-2022,15.40692213
1-Nov-2022,12.31024046
1-Dec-2022,9.614288068
1-Jan-2023,6.779068965
1-Feb-2023,5.52169065
1-Mar-2023,5.609576592
1-Apr-2023,7.883290397
1-May-2023,11.4565248
1-Jun-2023,14.66559966
1-Jul-2023,16.93962242
1-Aug-2023,18.22182966
1-Sep-2023,17.66302321
1-Oct-2023,15.45972691
1-Nov-2023,12.9320517
1-Dec-2023,9.741773979
1-Jan-2024,8.200533972
1-Feb-2024,6.838743901
1-Mar-2024,6.947102395
1-Apr-2024,8.104308633
1-May-2024,10.97547642
1-Jun-2024,14.3867914
1-Jul-2024,16.84700515
1-Aug-2024,18.02958179
1-Sep-2024,17.5630003
1-Oct-2024,15.44630085
1-Nov-2024,13.21033687
1-Dec-2024,10.38214335
1-Jan-2025,8.305580631
1-Feb-2025,6.953159613
1-Mar-2025,7.264774836
1-Apr-2025,9.160777494
1-May-2025,11.80421871
1-Jun-2025,14.36607208
1-Jul-2025,16.48215147
1-Aug-2025,18.20147509
1-Sep-2025,17.90598446
1-Oct-2025,15.93389338
1-Nov-2025,12.92278218
1-Dec-2025,10.23460902
1-Jan-2026,7.702442937
1-Feb-2026,6.82498693
1-Mar-2026,6.724203762
1-Apr-2026,9.33035322
1-May-2026,11.81001807
1-Jun-2026,15.12811639
1-Jul-2026,17.51497915
1-Aug-2026,19.12664397
1-Sep-2026,18.67871992
1-Oct-2026,16.37256734
1-Nov-2026,12.93001371
1-Dec-2026,9.927492277
1-Jan-2027,7.824771937
1-Feb-2027,6.942422035
1-Mar-2027,7.310262081
1-Apr-2027,9.104997677
1-May-2027,12.04178414
1-Jun-2027,14.62332676
1-Jul-2027,17.73162836
1-Aug-2027,18.89928185
1-Sep-2027,18.2440261
1-Oct-2027,15.91160074
1-Nov-2027,13.16768694
1-Dec-2027,9.768982072
1-Jan-2028,8.493560545
1-Feb-2028,7.368971214
1-Mar-2028,7.517653005
1-Apr-2028,8.742481079
1-May-2028,11.54023051
1-Jun-2028,14.57262912
1-Jul-2028,17.14716462
1-Aug-2028,18.77094489
1-Sep-2028,18.4679783
1-Oct-2028,15.909699
1-Nov-2028,12.86059895
1-Dec-2028,10.54471295
1-Jan-2029,8.18228021
1-Feb-2029,5.78468091
1-Mar-2029,5.812719607
1-Apr-2029,7.770220345
1-May-2029,11.69846068
1-Jun-2029,14.33938036
1-Jul-2029,17.42303912
1-Aug-2029,18.50653849
1-Sep-2029,18.14409668
1-Oct-2029,16.23957207
1-Nov-2029,12.97152785
1-Dec-2029,10.51936191
1-Jan-2030,8.595776649
1-Feb-2030,7.70954793
1-Mar-2030,7.611531572
1-Apr-2030,8.837345479
1-May-2030,11.70098668
1-Jun-2030,15.12779232
1-Jul-2030,17.52632361
1-Aug-2030,18.63903062
1-Sep-2030,17.97517911
1-Oct-2030,15.79799022
1-Nov-2030,13.71392046
1-Dec-2030,10.54898817
1-Jan-2031,8.845190727
1-Feb-2031,7.741911964
1-Mar-2031,7.701869955
1-Apr-2031,9.62648982
1-May-2031,11.83848437
1-Jun-2031,14.5286122
1-Jul-2031,17.35079425
1-Aug-2031,18.41574301
1-Sep-2031,18.49820938
1-Oct-2031,16.54850858
1-Nov-2031,13.17397225
1-Dec-2031,10.21262214
1-Jan-2032,8.567300216
1-Feb-2032,7.233481651
1-Mar-2032,7.223790419
1-Apr-2032,9.338850569
1-May-2032,12.19305578
1-Jun-2032,15.58473058
1-Jul-2032,17.53638673
1-Aug-2032,19.00061016
1-Sep-2032,18.23613186
1-Oct-2032,15.71374751
1-Nov-2032,13.50303134
1-Dec-2032,10.23086081
1-Jan-2033,8.494698633
1-Feb-2033,7.791029373
1-Mar-2033,8.362910558
1-Apr-2033,9.692564406
1-May-2033,12.19683264
1-Jun-2033,15.96869039
1-Jul-2033,18.14245372
1-Aug-2033,19.3696523
1-Sep-2033,18.49173684
1-Oct-2033,16.22205437
1-Nov-2033,13.66756834
1-Dec-2033,10.77828723
1-Jan-2034,9.19484772
1-Feb-2034,8.211855107
1-Mar-2034,8.2768466
1-Apr-2034,10.00324777
1-May-2034,12.60505144
1-Jun-2034,15.64490912
1-Jul-2034,18.3710899
1-Aug-2034,19.60548998
1-Sep-2034,18.70845339
1-Oct-2034,16.28848508
1-Nov-2034,13.32811889
1-Dec-2034,10.27316254
1-Jan-2035,8.33749114
1-Feb-2035,7.515495459
1-Mar-2035,7.379054973
1-Apr-2035,9.283931028
1-May-2035,12.26675692
1-Jun-2035,15.30655102
1-Jul-2035,17.58670039
1-Aug-2035,19.08827805
1-Sep-2035,18.06218108
1-Oct-2035,16.3970446
1-Nov-2035,13.68187719
1-Dec-2035,10.81377836
1-Jan-2036,8.428854071
1-Feb-2036,7.649602099
1-Mar-2036,7.946798559
1-Apr-2036,9.409437482
1-May-2036,12.14864134
1-Jun-2036,15.5683915
1-Jul-2036,17.21325647
1-Aug-2036,19.12204744
1-Sep-2036,18.18322236
1-Oct-2036,16.06896072
1-Nov-2036,13.83338878
1-Dec-2036,11.06074458
1-Jan-2037,8.542782236
1-Feb-2037,7.07443487
1-Mar-2037,7.974747514
1-Apr-2037,9.62673116
1-May-2037,12.14848022
1-Jun-2037,14.7458436
1-Jul-2037,17.19781858
1-Aug-2037,18.51776415
1-Sep-2037,18.73820771
1-Oct-2037,16.48531241
1-Nov-2037,13.24999083
1-Dec-2037,10.61028413
1-Jan-2038,8.176497647
1-Feb-2038,7.56010614
1-Mar-2038,7.527764345
1-Apr-2038,9.571095265
1-May-2038,12.58061149
1-Jun-2038,15.47125853
1-Jul-2038,18.3810888
1-Aug-2038,20.05421449
1-Sep-2038,18.9545475
1-Oct-2038,16.05491304
1-Nov-2038,13.27025844
1-Dec-2038,10.52701345
1-Jan-2039,8.826436795
1-Feb-2039,7.952036475
1-Mar-2039,8.485045155
1-Apr-2039,10.00114812
1-May-2039,12.2630934
1-Jun-2039,15.54328887
1-Jul-2039,17.47667331
1-Aug-2039,19.06499215
1-Sep-2039,18.12741095
1-Oct-2039,16.0023821
1-Nov-2039,13.255105
1-Dec-2039,10.70790382
1-Jan-2040,8.105602183
1-Feb-2040,7.581564643
1-Mar-2040,7.609513223
1-Apr-2040,9.16172553
1-May-2040,11.97976436
1-Jun-2040,15.03085729
1-Jul-2040,18.21934081
1-Aug-2040,19.44789944
1-Sep-2040,18.39634598
1-Oct-2040,17.13748336
1-Nov-2040,13.44351707
1-Dec-2040,11.0143662
1-Jan-2041,8.762852864
1-Feb-2041,8.047325612
1-Mar-2041,8.371501973
1-Apr-2041,9.775263153
1-May-2041,12.01622895
1-Jun-2041,14.85018823
1-Jul-2041,17.8316623
1-Aug-2041,18.64544494
1-Sep-2041,18.67472103
1-Oct-2041,16.35997438
1-Nov-2041,13.3718474
1-Dec-2041,10.53839915
1-Jan-2042,8.121820055
1-Feb-2042,7.355276667
1-Mar-2042,7.925645775
1-Apr-2042,9.547976768
1-May-2042,12.54732335
1-Jun-2042,15.14209751
1-Jul-2042,18.27889389
1-Aug-2042,19.57782432
1-Sep-2042,18.93053788
1-Oct-2042,15.9531138
1-Nov-2042,13.24590974
1-Dec-2042,10.35308406
1-Jan-2043,9.125987166
1-Feb-2043,7.603599746
1-Mar-2043,8.077471141
1-Apr-2043,9.405569849
1-May-2043,12.63910632
1-Jun-2043,15.76891794
1-Jul-2043,18.18035962
1-Aug-2043,20.21167396
1-Sep-2043,19.06604038
1-Oct-2043,16.62316825
1-Nov-2043,13.83953139
1-Dec-2043,10.42846759
1-Jan-2044,8.551803001
1-Feb-2044,7.264023685
1-Mar-2044,8.36555422
1-Apr-2044,10.14652785
1-May-2044,12.62664956
1-Jun-2044,15.29151716
1-Jul-2044,17.8673337
1-Aug-2044,19.78925289
1-Sep-2044,19.10196902
1-Oct-2044,16.21968132
1-Nov-2044,13.83302248
1-Dec-2044,10.76125217
1-Jan-2045,9.125776195
1-Feb-2045,7.798411724
1-Mar-2045,7.752724988
1-Apr-2045,10.18446836
1-May-2045,12.36777663
1-Jun-2045,15.71328281
1-Jul-2045,18.62434672
1-Aug-2045,19.75235434
1-Sep-2045,19.5196868
1-Oct-2045,16.76505314
1-Nov-2045,13.84653698
1-Dec-2045,10.81390599
1-Jan-2046,9.041871185
1-Feb-2046,8.111187228
1-Mar-2046,8.022770557
1-Apr-2046,9.957490962
1-May-2046,12.80584426
1-Jun-2046,15.73445918
1-Jul-2046,18.51939745
1-Aug-2046,19.98300519
1-Sep-2046,19.26894863
1-Oct-2046,16.48324655
1-Nov-2046,13.96887725
1-Dec-2046,10.7769652
1-Jan-2047,9.280442289
1-Feb-2047,8.185098904
1-Mar-2047,8.106483975
1-Apr-2047,9.453900887
1-May-2047,12.54534284
1-Jun-2047,15.49728234
1-Jul-2047,17.64434161
1-Aug-2047,19.30049517
1-Sep-2047,18.54714367
1-Oct-2047,16.49723066
1-Nov-2047,13.86299171
1-Dec-2047,11.30680093
1-Jan-2048,9.523546412
1-Feb-2048,8.268999828
1-Mar-2048,8.156833032
1-Apr-2048,9.652373044
1-May-2048,12.6848213
1-Jun-2048,15.55734631
1-Jul-2048,18.51212796
1-Aug-2048,19.61287913
1-Sep-2048,19.15684773
1-Oct-2048,16.93387132
1-Nov-2048,14.03035866
1-Dec-2048,11.32561532
1-Jan-2049,9.584279764
1-Feb-2049,7.858747637
1-Mar-2049,8.801489178
1-Apr-2049,10.25317649
1-May-2049,12.34085039
1-Jun-2049,15.31335288
1-Jul-2049,18.43379568
1-Aug-2049,19.66672303
1-Sep-2049,19.3344774
1-Oct-2049,16.86895718
1-Nov-2049,14.15393233
1-Dec-2049,11.00573745
1-Jan-2050,8.551493914
1-Feb-2050,8.447613387
1-Mar-2050,8.271721931
1-Apr-2050,9.965737124
1-May-2050,12.92146885
1-Jun-2050,15.43436029
1-Jul-2050,18.3059856
1-Aug-2050,19.6970423
1-Sep-2050,19.18178502
1-Oct-2050,16.55924751
1-Nov-2050,13.88055914
1-Dec-2050,10.17232664
1-Jan-2051,8.525202823
1-Feb-2051,8.009554435
1-Mar-2051,8.112990875
1-Apr-2051,9.633766985
1-May-2051,12.79181789
1-Jun-2051,14.37694344
1-Jul-2051,18.0967768
1-Aug-2051,19.50338283
1-Sep-2051,18.76068493
1-Oct-2051,16.43552722
1-Nov-2051,13.63932136
1-Dec-2051,10.3992724
1-Jan-2052,9.202378612
1-Feb-2052,8.564839967
1-Mar-2052,8.308648068
1-Apr-2052,9.743793711
1-May-2052,12.97367514
1-Jun-2052,15.61724813
1-Jul-2052,18.40368287
1-Aug-2052,20.24414708
1-Sep-2052,19.45348113
1-Oct-2052,17.13894806
1-Nov-2052,13.63044602
1-Dec-2052,10.69485602
1-Jan-2053,8.510338369
1-Feb-2053,7.646582936
1-Mar-2053,8.235626182
1-Apr-2053,10.00077716
1-May-2053,12.50802526
1-Jun-2053,15.77914377
1-Jul-2053,18.08719822
1-Aug-2053,20.0997298
1-Sep-2053,18.79275187
1-Oct-2053,16.6940417
1-Nov-2053,14.09279689
1-Dec-2053,10.78339267
1-Jan-2054,9.192943767
1-Feb-2054,8.36246763
1-Mar-2054,8.405904671
1-Apr-2054,10.11263848
1-May-2054,12.71975319
1-Jun-2054,15.64747195
1-Jul-2054,18.38148409
1-Aug-2054,19.71462095
1-Sep-2054,19.14604174
1-Oct-2054,17.55561526
1-Nov-2054,14.37790484
1-Dec-2054,10.74373284
1-Jan-2055,9.461258589
1-Feb-2055,8.091597066
1-Mar-2055,7.401431188
1-Apr-2055,9.2721909
1-May-2055,12.59460044
1-Jun-2055,15.5432977
1-Jul-2055,18.2841991
1-Aug-2055,19.92362313
1-Sep-2055,19.4642947
1-Oct-2055,17.06533809
1-Nov-2055,14.06093981
1-Dec-2055,11.23408585
1-Jan-2056,9.999126655
1-Feb-2056,8.680448301
1-Mar-2056,8.366384238
1-Apr-2056,10.40531031
1-May-2056,13.28680169
1-Jun-2056,16.25691382
1-Jul-2056,19.86471035
1-Aug-2056,20.89324012
1-Sep-2056,19.7708972
1-Oct-2056,16.87012005
1-Nov-2056,14.3184552
1-Dec-2056,11.36183945
1-Jan-2057,9.794286585
1-Feb-2057,8.356594101
1-Mar-2057,8.923346405
1-Apr-2057,10.68854192
1-May-2057,13.05563293
1-Jun-2057,16.29304867
1-Jul-2057,19.30984116
1-Aug-2057,20.19142946
1-Sep-2057,19.765265
1-Oct-2057,17.1143802
1-Nov-2057,14.17978008
1-Dec-2057,10.89304892
1-Jan-2058,9.605861254
1-Feb-2058,8.371826182
1-Mar-2058,8.489958272
1-Apr-2058,9.984713666
1-May-2058,12.68404779
1-Jun-2058,16.13252506
1-Jul-2058,19.71796233
1-Aug-2058,20.8323591
1-Sep-2058,20.14610123
1-Oct-2058,17.17823129
1-Nov-2058,14.24265319
1-Dec-2058,11.37747593
1-Jan-2059,9.54586417
1-Feb-2059,8.451335196
1-Mar-2059,8.282172117
1-Apr-2059,10.11788954
1-May-2059,13.44928471
1-Jun-2059,16.27012267
1-Jul-2059,19.51568079
1-Aug-2059,20.54544162
1-Sep-2059,19.81431098
1-Oct-2059,17.27855174
1-Nov-2059,14.23681284
1-Dec-2059,11.46249423
1-Jan-2060,9.524206431
1-Feb-2060,8.478428748
1-Mar-2060,8.43594697
1-Apr-2060,10.43684968
1-May-2060,13.25311824
1-Jun-2060,16.080347
1-Jul-2060,18.47652811
1-Aug-2060,20.26700819
1-Sep-2060,20.64465263
1-Oct-2060,17.62988818
1-Nov-2060,14.89869912
1-Dec-2060,11.8914298
1-Jan-2061,9.584488587
1-Feb-2061,8.694046042
1-Mar-2061,8.414079875
1-Apr-2061,10.16095649
1-May-2061,13.20277061
1-Jun-2061,15.97971019
1-Jul-2061,18.71663544
1-Aug-2061,20.60284401
1-Sep-2061,19.76668644
1-Oct-2061,17.18209099
1-Nov-2061,14.81656335
1-Dec-2061,11.30163832
1-Jan-2062,9.862674866
1-Feb-2062,9.442690598
1-Mar-2062,9.761025299
1-Apr-2062,11.11181156
1-May-2062,13.29932597
1-Jun-2062,16.24099703
1-Jul-2062,19.12651088
1-Aug-2062,20.79077932
1-Sep-2062,19.48902833
1-Oct-2062,17.65217931
1-Nov-2062,15.15775741
1-Dec-2062,12.37115126
1-Jan-2063,10.30978452
1-Feb-2063,9.123781757
1-Mar-2063,9.817567029
1-Apr-2063,11.16553488
1-May-2063,13.39964507
1-Jun-2063,16.51275302
1-Jul-2063,19.26602066
1-Aug-2063,20.4570317
1-Sep-2063,19.63192264
1-Oct-2063,18.01752209
1-Nov-2063,15.47847564
1-Dec-2063,12.46129752
1-Jan-2064,10.26638765
1-Feb-2064,8.664899508
1-Mar-2064,8.728944939
1-Apr-2064,10.68254001
1-May-2064,13.14953987
1-Jun-2064,15.78765325
1-Jul-2064,19.13387383
1-Aug-2064,20.5102746
1-Sep-2064,19.75945569
1-Oct-2064,17.02030582
1-Nov-2064,14.28925089
1-Dec-2064,11.28305435
1-Jan-2065,9.507106754
1-Feb-2065,8.708395654
1-Mar-2065,8.67003205
1-Apr-2065,10.68282046
1-May-2065,13.44294611
1-Jun-2065,16.08333142
1-Jul-2065,19.48513502
1-Aug-2065,21.03072989
1-Sep-2065,20.50551855
1-Oct-2065,17.82059961
1-Nov-2065,14.85351345
1-Dec-2065,12.1734951
1-Jan-2066,10.39212169
1-Feb-2066,8.965311862
1-Mar-2066,8.816719562
1-Apr-2066,10.60896456
1-May-2066,13.50301735
1-Jun-2066,16.42680084
1-Jul-2066,19.37836338
1-Aug-2066,20.56587804
1-Sep-2066,20.1550762
1-Oct-2066,18.62576113
1-Nov-2066,15.27845543
1-Dec-2066,12.20503534
1-Jan-2067,10.03875021
1-Feb-2067,9.115614326
1-Mar-2067,8.698723503
1-Apr-2067,10.24568828
1-May-2067,13.18684446
1-Jun-2067,15.57986713
1-Jul-2067,18.78780657
1-Aug-2067,20.52735587
1-Sep-2067,19.59241981
1-Oct-2067,17.62330107
1-Nov-2067,14.57599123
1-Dec-2067,11.69687233
1-Jan-2068,9.910947144
1-Feb-2068,8.055896933
1-Mar-2068,8.088239465
1-Apr-2068,9.396407967
1-May-2068,13.25298228
1-Jun-2068,16.44121987
1-Jul-2068,18.73148165
1-Aug-2068,20.73962814
1-Sep-2068,19.79955577
1-Oct-2068,17.5701856
1-Nov-2068,14.72111522
1-Dec-2068,11.57371531
1-Jan-2069,10.05431496
1-Feb-2069,9.216481004
1-Mar-2069,9.126574253
1-Apr-2069,11.04076084
1-May-2069,13.87851968
1-Jun-2069,16.17935177
1-Jul-2069,19.19052921
1-Aug-2069,20.93490557
1-Sep-2069,20.26759936
1-Oct-2069,17.3736676
1-Nov-2069,14.74565692
1-Dec-2069,12.25513941
1-Jan-2070,10.03043771
1-Feb-2070,8.13712573
1-Mar-2070,8.030025234
1-Apr-2070,10.4914691
1-May-2070,12.91912329
1-Jun-2070,16.33753902
1-Jul-2070,18.6667753
1-Aug-2070,20.43599208
1-Sep-2070,19.3822037
1-Oct-2070,17.27226868
1-Nov-2070,14.61626561
1-Dec-2070,11.55935994
1-Jan-2071,9.867696584
1-Feb-2071,8.61429888
1-Mar-2071,8.417671284
1-Apr-2071,10.5939939
1-May-2071,13.97955489
1-Jun-2071,16.95803817
1-Jul-2071,19.45202109
1-Aug-2071,20.69236958
1-Sep-2071,20.30176905
1-Oct-2071,18.23519441
1-Nov-2071,15.4178433
1-Dec-2071,12.3161377
1-Jan-2072,10.06118257
1-Feb-2072,9.188860561
1-Mar-2072,9.422824116
1-Apr-2072,11.00334071
1-May-2072,14.34968047
1-Jun-2072,16.56385041
1-Jul-2072,19.55899741
1-Aug-2072,20.87417456
1-Sep-2072,20.3355106
1-Oct-2072,17.7647299
1-Nov-2072,14.87227312
1-Dec-2072,11.11552442
1-Jan-2073,9.095034999
1-Feb-2073,7.578592664
1-Mar-2073,8.87683447
1-Apr-2073,10.5854349
1-May-2073,12.90881735
1-Jun-2073,16.22997387
1-Jul-2073,18.81159845
1-Aug-2073,20.35692708
1-Sep-2073,20.0789421
1-Oct-2073,18.6502831
1-Nov-2073,14.71249105
1-Dec-2073,11.70072904
1-Jan-2074,9.765476375
1-Feb-2074,9.371229344
1-Mar-2074,9.914075496
1-Apr-2074,11.14917612
1-May-2074,13.89929969
1-Jun-2074,16.82370288
1-Jul-2074,19.44919856
1-Aug-2074,21.29083626
1-Sep-2074,20.47508087
1-Oct-2074,18.79420913
1-Nov-2074,15.4964763
1-Dec-2074,12.2685576
1-Jan-2075,10.0788859
1-Feb-2075,9.591286387
1-Mar-2075,10.14155526
1-Apr-2075,10.81209457
1-May-2075,13.46481827
1-Jun-2075,16.76746348
1-Jul-2075,20.00624049
1-Aug-2075,21.19230275
1-Sep-2075,20.9831958
1-Oct-2075,18.34425785
1-Nov-2075,14.79476127
1-Dec-2075,12.01801027
1-Jan-2076,10.5302798
1-Feb-2076,9.041195065
1-Mar-2076,9.714310793
1-Apr-2076,11.11255934
1-May-2076,14.02459038
1-Jun-2076,16.92000832
1-Jul-2076,19.76386731
1-Aug-2076,20.95817425
1-Sep-2076,20.31184021
1-Oct-2076,18.93160988
1-Nov-2076,15.9721825
1-Dec-2076,12.6749779
1-Jan-2077,10.68227846
1-Feb-2077,9.013577676
1-Mar-2077,9.20117428
1-Apr-2077,11.12836595
1-May-2077,13.28000102
1-Jun-2077,16.88810871
1-Jul-2077,19.77150991
1-Aug-2077,20.82686079
1-Sep-2077,20.36696969
1-Oct-2077,18.36457471
1-Nov-2077,15.62235696
1-Dec-2077,11.92288211
1-Jan-2078,9.081290355
1-Feb-2078,7.897045106
1-Mar-2078,9.250502874
1-Apr-2078,11.37970633
1-May-2078,13.88935721
1-Jun-2078,17.02037213
1-Jul-2078,19.5286342
1-Aug-2078,21.08569953
1-Sep-2078,20.37878634
1-Oct-2078,18.42639618
1-Nov-2078,15.73217458
1-Dec-2078,12.09858196
1-Jan-2079,10.67349175
1-Feb-2079,9.231495744
1-Mar-2079,9.032519783
1-Apr-2079,10.85270147
1-May-2079,14.01526354
1-Jun-2079,16.64197144
1-Jul-2079,19.32406769
1-Aug-2079,21.01813119
1-Sep-2079,21.08080983
1-Oct-2079,19.18895826
1-Nov-2079,15.68343385
1-Dec-2079,13.18735563
1-Jan-2080,11.16905433
1-Feb-2080,8.983523464
1-Mar-2080,9.235915353
1-Apr-2080,11.34344793
1-May-2080,13.44861688
1-Jun-2080,16.6876628
1-Jul-2080,19.47380124
1-Aug-2080,21.38068208
1-Sep-2080,20.84539616
1-Oct-2080,18.50354895
1-Nov-2080,15.43736534
1-Dec-2080,12.41868499
1-Jan-2081,10.5722246
1-Feb-2081,9.853554998
1-Mar-2081,9.490584017
1-Apr-2081,10.55242406
1-May-2081,13.8719605
1-Jun-2081,16.58109756
1-Jul-2081,19.86972092
1-Aug-2081,21.57151314
1-Sep-2081,20.95745033
1-Oct-2081,18.6292014
1-Nov-2081,15.26297184
1-Dec-2081,11.7965733
1-Jan-2082,10.73201248
1-Feb-2082,9.359608152
1-Mar-2082,9.97153921
1-Apr-2082,11.44647305
1-May-2082,13.91031802
1-Jun-2082,17.05619689
1-Jul-2082,19.78169885
1-Aug-2082,21.48405246
1-Sep-2082,20.83413786
1-Oct-2082,18.80977562
1-Nov-2082,15.59916379
1-Dec-2082,12.61834665
1-Jan-2083,10.32418156
1-Feb-2083,9.215400912
1-Mar-2083,9.068889325
1-Apr-2083,11.28987751
1-May-2083,14.10535909
1-Jun-2083,17.11539386
1-Jul-2083,19.81033468
1-Aug-2083,21.54036223
1-Sep-2083,21.10899588
1-Oct-2083,18.67504829
1-Nov-2083,15.72714367
1-Dec-2083,12.37052411
1-Jan-2084,10.8203674
1-Feb-2084,9.865305305
1-Mar-2084,9.905434846
1-Apr-2084,11.00557722
1-May-2084,13.72376192
1-Jun-2084,16.98661258
1-Jul-2084,19.24412188
1-Aug-2084,21.43155563
1-Sep-2084,20.84154521
1-Oct-2084,18.65963615
1-Nov-2084,16.17900937
1-Dec-2084,12.58425091
1-Jan-2085,10.69758946
1-Feb-2085,9.787664067
1-Mar-2085,9.871809926
1-Apr-2085,11.28445667
1-May-2085,14.09504336
1-Jun-2085,17.78368812
1-Jul-2085,20.332408
1-Aug-2085,22.23054876
1-Sep-2085,22.31579866
1-Oct-2085,18.73192066
1-Nov-2085,15.37703297
1-Dec-2085,12.45172
1-Jan-2086,10.28986111
1-Feb-2086,9.988512274
1-Mar-2086,9.991458797
1-Apr-2086,10.8682755
1-May-2086,13.67998114
1-Jun-2086,16.78941803
1-Jul-2086,20.37213654
1-Aug-2086,21.80934154
1-Sep-2086,20.99098827
1-Oct-2086,18.89833255
1-Nov-2086,16.04597765
1-Dec-2086,13.0538618
1-Jan-2087,11.06854912
1-Feb-2087,10.31757733
1-Mar-2087,9.914688419
1-Apr-2087,11.15661177
1-May-2087,14.09963885
1-Jun-2087,17.187537
1-Jul-2087,19.76009264
1-Aug-2087,21.32273903
1-Sep-2087,20.50961969
1-Oct-2087,18.54868011
1-Nov-2087,15.80079896
1-Dec-2087,13.05920994
1-Jan-2088,10.77395699
1-Feb-2088,9.631807209
1-Mar-2088,10.03795976
1-Apr-2088,11.49014801
1-May-2088,13.72919621
1-Jun-2088,16.9916605
1-Jul-2088,20.00511394
1-Aug-2088,21.53230127
1-Sep-2088,21.67972849
1-Oct-2088,19.16113362
1-Nov-2088,15.86465348
1-Dec-2088,12.79455608
1-Jan-2089,10.38823776
1-Feb-2089,9.634737569
1-Mar-2089,9.66653069
1-Apr-2089,11.39865296
1-May-2089,13.92695599
1-Jun-2089,17.20141109
1-Jul-2089,20.08295868
1-Aug-2089,22.2519545
1-Sep-2089,21.54724538
1-Oct-2089,19.17294637
1-Nov-2089,16.20748529
1-Dec-2089,13.75986397
1-Jan-2090,11.07203997
1-Feb-2090,10.06757859
1-Mar-2090,10.08520961
1-Apr-2090,11.80975994
1-May-2090,14.06289805
1-Jun-2090,17.14517119
1-Jul-2090,20.29893935
1-Aug-2090,21.92363717
1-Sep-2090,21.55263784
1-Oct-2090,19.71905339
1-Nov-2090,15.92306156
1-Dec-2090,12.72432499
1-Jan-2091,10.95961345
1-Feb-2091,9.72938318
1-Mar-2091,10.03800009
1-Apr-2091,11.3446391
1-May-2091,14.10891456
1-Jun-2091,17.25975507
1-Jul-2091,20.32508132
1-Aug-2091,22.22205264
1-Sep-2091,21.72449507
1-Oct-2091,20.12606264
1-Nov-2091,16.97881607
1-Dec-2091,13.13502195
1-Jan-2092,10.46705361
1-Feb-2092,9.565934367
1-Mar-2092,9.640610173
1-Apr-2092,11.48139221
1-May-2092,14.8435052
1-Jun-2092,17.74664738
1-Jul-2092,20.52476343
1-Aug-2092,21.99116196
1-Sep-2092,21.94659593
1-Oct-2092,18.67912031
1-Nov-2092,17.03355459
1-Dec-2092,13.78714744
1-Jan-2093,11.30566555
1-Feb-2093,10.29509781
1-Mar-2093,10.70914473
1-Apr-2093,12.07434006
1-May-2093,14.64515704
1-Jun-2093,17.91485292
1-Jul-2093,21.26285873
1-Aug-2093,22.83858107
1-Sep-2093,22.3445859
1-Oct-2093,19.00126756
1-Nov-2093,16.02666074
1-Dec-2093,13.19428004
1-Jan-2094,11.59445011
1-Feb-2094,9.874609296
1-Mar-2094,10.11386539
1-Apr-2094,11.64374637
1-May-2094,14.34529634
1-Jun-2094,17.61404602
1-Jul-2094,19.93105221
1-Aug-2094,21.55774672
1-Sep-2094,21.30226152
1-Oct-2094,18.78415691
1-Nov-2094,16.2254672
1-Dec-2094,12.62712445
1-Jan-2095,10.60781069
1-Feb-2095,9.674032849
1-Mar-2095,10.15514807
1-Apr-2095,11.91818875
1-May-2095,14.68954106
1-Jun-2095,16.73889121
1-Jul-2095,19.99045408
1-Aug-2095,21.42365906
1-Sep-2095,21.64937368
1-Oct-2095,19.44483348
1-Nov-2095,16.69299473
1-Dec-2095,13.32550545
1-Jan-2096,11.41828607
1-Feb-2096,10.59913999
1-Mar-2096,10.34004977
1-Apr-2096,11.54490424
1-May-2096,14.75941228
1-Jun-2096,17.66572291
1-Jul-2096,20.13412242
1-Aug-2096,21.80779979
1-Sep-2096,21.70129496
1-Oct-2096,20.0640581
1-Nov-2096,16.68805863
1-Dec-2096,12.90763061
1-Jan-2097,11.33159869
1-Feb-2097,10.16671811
1-Mar-2097,10.53789183
1-Apr-2097,12.08274138
1-May-2097,14.57493777
1-Jun-2097,17.48287869
1-Jul-2097,20.76391669
1-Aug-2097,22.40405493
1-Sep-2097,22.1538312
1-Oct-2097,19.40092318
1-Nov-2097,16.38838225
1-Dec-2097,12.99629045
1-Jan-2098,12.07740324
1-Feb-2098,10.21188849
1-Mar-2098,10.47090855
1-Apr-2098,12.04024836
1-May-2098,15.20046282
1-Jun-2098,18.52250076
1-Jul-2098,20.53130091
1-Aug-2098,22.6792333
1-Sep-2098,21.85475139
1-Oct-2098,19.4958975
1-Nov-2098,16.85663778
1-Dec-2098,13.26919649
1-Jan-2099,11.48785448
1-Feb-2099,10.21862696
1-Mar-2099,10.49410597
1-Apr-2099,12.1025228
1-May-2099,14.98279558
1-Jun-2099,17.69418834
1-Jul-2099,21.44863258
1-Aug-2099,22.37405142
1-Sep-2099,21.96709539
1-Oct-2099,20.85284431
1-Nov-2099,17.74750977
1-Dec-2099,13.48242505
