Date,PH
1-Jan-1993,8.167175495
1-Feb-1993,8.172991116
1-Mar-1993,8.155683699
1-Apr-1993,8.129630918
1-May-1993,8.101137248
1-Jun-1993,8.081095064
1-Jul-1993,8.069661373
1-Aug-1993,8.086170183
1-Sep-1993,8.098775935
1-Oct-1993,8.114136954
1-Nov-1993,8.146037523
1-Dec-1993,8.160862413
1-Jan-1994,8.159848166
1-Feb-1994,8.169851696
1-Mar-1994,8.156825222
1-Apr-1994,8.127634784
1-May-1994,8.10253808
1-Jun-1994,8.083081853
1-Jul-1994,8.086158589
1-Aug-1994,8.081060969
1-Sep-1994,8.092604758
1-Oct-1994,8.123206454
1-Nov-1994,8.150509529
1-Dec-1994,8.168062458
1-Jan-1995,8.173411924
1-Feb-1995,8.164280816
1-Mar-1995,8.147460703
1-Apr-1995,8.111293353
1-May-1995,8.070862929
1-Jun-1995,8.046877341
1-Jul-1995,8.046019889
1-Aug-1995,8.050803569
1-Sep-1995,8.085619763
1-Oct-1995,8.124655905
1-Nov-1995,8.157310903
1-Dec-1995,8.161880206
1-Jan-1996,8.157937319
1-Feb-1996,8.152089542
1-Mar-1996,8.140167313
1-Apr-1996,8.109484874
1-May-1996,8.075895206
1-Jun-1996,8.046284574
1-Jul-1996,8.049818091
1-Aug-1996,8.041173279
1-Sep-1996,8.072235175
1-Oct-1996,8.121968949
1-Nov-1996,8.142198427
1-Dec-1996,8.152963761
1-Jan-1997,8.154768552
1-Feb-1997,8.152641988
1-Mar-1997,8.156947704
1-Apr-1997,8.123562962
1-May-1997,8.085032037
1-Jun-1997,8.044551567
1-Jul-1997,8.053856652
1-Aug-1997,8.065862494
1-Sep-1997,8.074096829
1-Oct-1997,8.106203516
1-Nov-1997,8.140071907
1-Dec-1997,8.151246197
1-Jan-1998,8.156149778
1-Feb-1998,8.166014219
1-Mar-1998,8.15017896
1-Apr-1998,8.10757443
1-May-1998,8.079054886
1-Jun-1998,8.066061042
1-Jul-1998,8.055192747
1-Aug-1998,8.059062604
1-Sep-1998,8.079357188
1-Oct-1998,8.121761624
1-Nov-1998,8.135498585
1-Dec-1998,8.140601142
1-Jan-1999,8.156512826
1-Feb-1999,8.170608909
1-Mar-1999,8.153205213
1-Apr-1999,8.119333184
1-May-1999,8.08301442
1-Jun-1999,8.048296243
1-Jul-1999,8.031160823
1-Aug-1999,8.032835126
1-Sep-1999,8.059199793
1-Oct-1999,8.096695955
1-Nov-1999,8.132344769
1-Dec-1999,8.149214869
1-Jan-2000,8.158707658
1-Feb-2000,8.160073616
1-Mar-2000,8.142401542
1-Apr-2000,8.117302062
1-May-2000,8.085601809
1-Jun-2000,8.060706469
1-Jul-2000,8.047649389
1-Aug-2000,8.051987855
1-Sep-2000,8.074522915
1-Oct-2000,8.109898844
1-Nov-2000,8.1420665
1-Dec-2000,8.150316807
1-Jan-2001,8.142886137
1-Feb-2001,8.14243496
1-Mar-2001,8.135037204
1-Apr-2001,8.100561304
1-May-2001,8.064547499
1-Jun-2001,8.044220383
1-Jul-2001,8.045391062
1-Aug-2001,8.05741472
1-Sep-2001,8.082469607
1-Oct-2001,8.109677915
1-Nov-2001,8.132984491
1-Dec-2001,8.144917603
1-Jan-2002,8.136775499
1-Feb-2002,8.148399103
1-Mar-2002,8.147730099
1-Apr-2002,8.119092966
1-May-2002,8.084226401
1-Jun-2002,8.054686568
1-Jul-2002,8.033719057
1-Aug-2002,8.037795703
1-Sep-2002,8.061393758
1-Oct-2002,8.09919239
1-Nov-2002,8.13687162
1-Dec-2002,8.131638857
1-Jan-2003,8.145531467
1-Feb-2003,8.146061719
1-Mar-2003,8.146870764
1-Apr-2003,8.111713667
1-May-2003,8.076027907
1-Jun-2003,8.048700133
1-Jul-2003,8.030953955
1-Aug-2003,8.032765439
1-Sep-2003,8.056658244
1-Oct-2003,8.08539531
1-Nov-2003,8.119896299
1-Dec-2003,8.133807653
1-Jan-2004,8.133399306
1-Feb-2004,8.140208942
1-Mar-2004,8.146880886
1-Apr-2004,8.111586441
1-May-2004,8.078565967
1-Jun-2004,8.050112111
1-Jul-2004,8.034186173
1-Aug-2004,8.023508547
1-Sep-2004,8.052677886
1-Oct-2004,8.082980811
1-Nov-2004,8.135589845
1-Dec-2004,8.134153292
1-Jan-2005,8.134823861
1-Feb-2005,8.141919854
1-Mar-2005,8.1306571
1-Apr-2005,8.086535142
1-May-2005,8.046456723
1-Jun-2005,8.02745618
1-Jul-2005,8.021001532
1-Aug-2005,8.021504113
1-Sep-2005,8.056024834
1-Oct-2005,8.08074092
1-Nov-2005,8.114741825
1-Dec-2005,8.140640502
1-Jan-2006,8.139086591
1-Feb-2006,8.135466993
1-Mar-2006,8.12639982
1-Apr-2006,8.089112838
1-May-2006,8.047514342
1-Jun-2006,8.021576153
1-Jul-2006,8.007042174
1-Aug-2006,8.006156091
1-Sep-2006,8.025810368
1-Oct-2006,8.07138176
1-Nov-2006,8.10949467
1-Dec-2006,8.123726304
1-Jan-2007,8.123080054
1-Feb-2007,8.124513755
1-Mar-2007,8.122116278
1-Apr-2007,8.081501318
1-May-2007,8.046310059
1-Jun-2007,8.020861667
1-Jul-2007,8.004928747
1-Aug-2007,8.017153929
1-Sep-2007,8.044488398
1-Oct-2007,8.078699125
1-Nov-2007,8.103394359
1-Dec-2007,8.118882557
1-Jan-2008,8.117771318
1-Feb-2008,8.119421546
1-Mar-2008,8.117707623
1-Apr-2008,8.083542508
1-May-2008,8.052117303
1-Jun-2008,8.026905875
1-Jul-2008,8.018852996
1-Aug-2008,8.016156375
1-Sep-2008,8.048286966
1-Oct-2008,8.082817894
1-Nov-2008,8.11027625
1-Dec-2008,8.116202643
1-Jan-2009,8.115972636
1-Feb-2009,8.121895095
1-Mar-2009,8.116632359
1-Apr-2009,8.082121652
1-May-2009,8.036989466
1-Jun-2009,8.016656728
1-Jul-2009,7.997533277
1-Aug-2009,7.998825414
1-Sep-2009,8.029635087
1-Oct-2009,8.073479028
1-Nov-2009,8.102906337
1-Dec-2009,8.114334701
1-Jan-2010,8.119077845
1-Feb-2010,8.117144068
1-Mar-2010,8.106969657
1-Apr-2010,8.075087695
1-May-2010,8.037130989
1-Jun-2010,8.012529257
1-Jul-2010,8.007306233
1-Aug-2010,8.003844532
1-Sep-2010,8.02600096
1-Oct-2010,8.059761248
1-Nov-2010,8.097800728
1-Dec-2010,8.108939502
1-Jan-2011,8.104954525
1-Feb-2011,8.109804744
1-Mar-2011,8.102312939
1-Apr-2011,8.069888711
1-May-2011,8.03508823
1-Jun-2011,8.006890947
1-Jul-2011,7.999444802
1-Aug-2011,8.001546855
1-Sep-2011,8.030237343
1-Oct-2011,8.06297266
1-Nov-2011,8.090775686
1-Dec-2011,8.107952465
1-Jan-2012,8.101777559
1-Feb-2012,8.099583685
1-Mar-2012,8.091073067
1-Apr-2012,8.059637776
1-May-2012,8.026046464
1-Jun-2012,8.00468671
1-Jul-2012,7.9983452
1-Aug-2012,7.997778932
1-Sep-2012,8.026544444
1-Oct-2012,8.058171764
1-Nov-2012,8.084382839
1-Dec-2012,8.096571712
1-Jan-2013,8.092151737
1-Feb-2013,8.092229048
1-Mar-2013,8.08668263
1-Apr-2013,8.055000627
1-May-2013,8.022227522
1-Jun-2013,7.998680789
1-Jul-2013,7.985637812
1-Aug-2013,7.989473388
1-Sep-2013,8.016617694
1-Oct-2013,8.054248084
1-Nov-2013,8.076958477
1-Dec-2013,8.105975108
1-Jan-2014,8.097678862
1-Feb-2014,8.095345902
1-Mar-2014,8.084171503
1-Apr-2014,8.048214416
1-May-2014,8.01539696
1-Jun-2014,7.992316093
1-Jul-2014,7.981031167
1-Aug-2014,7.982970479
1-Sep-2014,8.021845466
1-Oct-2014,8.054567018
1-Nov-2014,8.076050116
1-Dec-2014,8.091290627
1-Jan-2015,8.08044236
1-Feb-2015,8.079651363
1-Mar-2015,8.070874319
1-Apr-2015,8.042251287
1-May-2015,8.011535007
1-Jun-2015,7.986159469
1-Jul-2015,7.983138044
1-Aug-2015,7.979516186
1-Sep-2015,8.011924861
1-Oct-2015,8.047517199
1-Nov-2015,8.065246003
1-Dec-2015,8.072907766
1-Jan-2016,8.08161867
1-Feb-2016,8.083482287
1-Mar-2016,8.081532762
1-Apr-2016,8.052133439
1-May-2016,8.019791685
1-Jun-2016,7.993646139
1-Jul-2016,7.98304767
1-Aug-2016,7.984424202
1-Sep-2016,8.012997309
1-Oct-2016,8.040956376
1-Nov-2016,8.066550098
1-Dec-2016,8.078656591
1-Jan-2017,8.076463947
1-Feb-2017,8.084528537
1-Mar-2017,8.074849533
1-Apr-2017,8.040926837
1-May-2017,8.007904349
1-Jun-2017,7.981434968
1-Jul-2017,7.968606858
1-Aug-2017,7.96924597
1-Sep-2017,7.990722434
1-Oct-2017,8.02618034
1-Nov-2017,8.057621828
1-Dec-2017,8.070796076
1-Jan-2018,8.069094029
1-Feb-2018,8.071627226
1-Mar-2018,8.063083561
1-Apr-2018,8.025312117
1-May-2018,7.992079913
1-Jun-2018,7.970182319
1-Jul-2018,7.965354862
1-Aug-2018,7.97270106
1-Sep-2018,7.9941014
1-Oct-2018,8.023606694
1-Nov-2018,8.051551056
1-Dec-2018,8.061727711
1-Jan-2019,8.061407417
1-Feb-2019,8.066012637
1-Mar-2019,8.056765649
1-Apr-2019,8.027990795
1-May-2019,7.997477491
1-Jun-2019,7.974227998
1-Jul-2019,7.967342609
1-Aug-2019,7.970973754
1-Sep-2019,7.998949578
1-Oct-2019,8.028434368
1-Nov-2019,8.055070597
1-Dec-2019,8.05966837
1-Jan-2020,8.057621566
1-Feb-2020,8.061089984
1-Mar-2020,8.053438312
1-Apr-2020,8.023396007
1-May-2020,7.993606744
1-Jun-2020,7.973181669
1-Jul-2020,7.968334878
1-Aug-2020,7.96636028
1-Sep-2020,7.993560508
1-Oct-2020,8.022672935
1-Nov-2020,8.04895347
1-Dec-2020,8.055457167
1-Jan-2021,8.053426527
1-Feb-2021,8.053364901
1-Mar-2021,8.045450064
1-Apr-2021,8.016453006
1-May-2021,7.987086563
1-Jun-2021,7.966155949
1-Jul-2021,7.953585648
1-Aug-2021,7.959710777
1-Sep-2021,7.986828405
1-Oct-2021,8.017748079
1-Nov-2021,8.036911025
1-Dec-2021,8.046912879
1-Jan-2022,8.046378033
1-Feb-2022,8.049023616
1-Mar-2022,8.041846092
1-Apr-2022,8.014614641
1-May-2022,7.984917345
1-Jun-2022,7.967660993
1-Jul-2022,7.951217444
1-Aug-2022,7.958848685
1-Sep-2022,7.988451136
1-Oct-2022,8.020847877
1-Nov-2022,8.034612363
1-Dec-2022,8.04277389
1-Jan-2023,8.050294182
1-Feb-2023,8.049811042
1-Mar-2023,8.045853193
1-Apr-2023,8.011437391
1-May-2023,7.973011613
1-Jun-2023,7.953109347
1-Jul-2023,7.940116982
1-Aug-2023,7.944665868
1-Sep-2023,7.977858576
1-Oct-2023,8.005046757
1-Nov-2023,8.024788878
1-Dec-2023,8.040645382
1-Jan-2024,8.035740682
1-Feb-2024,8.033021553
1-Mar-2024,8.025647431
1-Apr-2024,8.001297248
1-May-2024,7.971794943
1-Jun-2024,7.950609683
1-Jul-2024,7.947418955
1-Aug-2024,7.958852267
1-Sep-2024,7.972648309
1-Oct-2024,8.011076804
1-Nov-2024,8.028754184
1-Dec-2024,8.037151541
1-Jan-2025,8.026656956
1-Feb-2025,8.036036674
1-Mar-2025,8.032977235
1-Apr-2025,8.002410001
1-May-2025,7.973453179
1-Jun-2025,7.941829117
1-Jul-2025,7.941679133
1-Aug-2025,7.943296171
1-Sep-2025,7.96089619
1-Oct-2025,8.006049065
1-Nov-2025,8.029346315
1-Dec-2025,8.041553862
1-Jan-2026,8.077843568
1-Feb-2026,8.051762657
1-Mar-2026,8.034516985
1-Apr-2026,7.993528557
1-May-2026,7.966559127
1-Jun-2026,7.937804378
1-Jul-2026,7.93683899
1-Aug-2026,7.931221727
1-Sep-2026,7.964719156
1-Oct-2026,7.994612124
1-Nov-2026,8.030640738
1-Dec-2026,8.041275787
1-Jan-2027,8.053293348
1-Feb-2027,8.042958194
1-Mar-2027,8.0194299
1-Apr-2027,7.983169601
1-May-2027,7.949433702
1-Jun-2027,7.92883661
1-Jul-2027,7.921895539
1-Aug-2027,7.926970414
1-Sep-2027,7.949657734
1-Oct-2027,7.999609295
1-Nov-2027,8.04990108
1-Dec-2027,8.063792864
1-Jan-2028,8.068902811
1-Feb-2028,8.062114134
1-Mar-2028,8.020876044
1-Apr-2028,7.982793676
1-May-2028,7.947457558
1-Jun-2028,7.927768652
1-Jul-2028,7.919343736
1-Aug-2028,7.920391632
1-Sep-2028,7.941587731
1-Oct-2028,7.980410818
1-Nov-2028,8.016187004
1-Dec-2028,8.048505526
1-Jan-2029,8.046321091
1-Feb-2029,8.032443659
1-Mar-2029,8.019515925
1-Apr-2029,7.981146839
1-May-2029,7.946616009
1-Jun-2029,7.922488709
1-Jul-2029,7.914493542
1-Aug-2029,7.926554698
1-Sep-2029,7.949509741
1-Oct-2029,7.987754907
1-Nov-2029,8.015667508
1-Dec-2029,8.030775053
1-Jan-2030,8.019340451
1-Feb-2030,8.034147223
1-Mar-2030,8.02046475
1-Apr-2030,8.000353664
1-May-2030,7.937267658
1-Jun-2030,7.92142879
1-Jul-2030,7.91677324
1-Aug-2030,7.921753892
1-Sep-2030,7.943646492
1-Oct-2030,8.011793719
1-Nov-2030,8.01700946
1-Dec-2030,8.046314828
1-Jan-2031,8.021205977
1-Feb-2031,8.053518174
1-Mar-2031,8.036100133
1-Apr-2031,7.981303199
1-May-2031,7.945578975
1-Jun-2031,7.956245191
1-Jul-2031,7.923520179
1-Aug-2031,7.947236759
1-Sep-2031,7.971096866
1-Oct-2031,8.003786775
1-Nov-2031,8.009279126
1-Dec-2031,8.032093493
1-Jan-2032,8.021140496
1-Feb-2032,8.040277642
1-Mar-2032,8.02887589
1-Apr-2032,7.992923338
1-May-2032,7.949063524
1-Jun-2032,7.921787796
1-Jul-2032,7.915594283
1-Aug-2032,7.946470544
1-Sep-2032,7.966662885
1-Oct-2032,8.010756588
1-Nov-2032,8.022844173
1-Dec-2032,8.030075291
1-Jan-2033,8.029738222
1-Feb-2033,8.032456952
1-Mar-2033,8.022663863
1-Apr-2033,7.977062982
1-May-2033,7.930070879
1-Jun-2033,7.915174967
1-Jul-2033,7.909809517
1-Aug-2033,7.920356391
1-Sep-2033,7.967126638
1-Oct-2033,7.999283326
1-Nov-2033,8.011099745
1-Dec-2033,8.017732886
1-Jan-2034,8.031164306
1-Feb-2034,8.031286668
1-Mar-2034,8.021103875
1-Apr-2034,7.992963407
1-May-2034,7.96276903
1-Jun-2034,7.915581032
1-Jul-2034,7.90882092
1-Aug-2034,7.924728067
1-Sep-2034,7.964701139
1-Oct-2034,8.009292108
1-Nov-2034,8.023610494
1-Dec-2034,8.025290467
1-Jan-2035,8.033282221
1-Feb-2035,8.023748366
1-Mar-2035,8.021458913
1-Apr-2035,7.982759866
1-May-2035,7.942780527
1-Jun-2035,7.912149494
1-Jul-2035,7.915146735
1-Aug-2035,7.928445161
1-Sep-2035,7.963044857
1-Oct-2035,7.984221535
1-Nov-2035,8.011504902
1-Dec-2035,8.02915712
1-Jan-2036,8.028087926
1-Feb-2036,8.012414772
1-Mar-2036,8.000712731
1-Apr-2036,7.971947871
1-May-2036,7.925616596
1-Jun-2036,7.894902016
1-Jul-2036,7.929271423
1-Aug-2036,7.932440843
1-Sep-2036,7.959004616
1-Oct-2036,7.981809757
1-Nov-2036,7.995278789
1-Dec-2036,8.001059194
1-Jan-2037,8.010903723
1-Feb-2037,8.005238519
1-Mar-2037,7.989250407
1-Apr-2037,7.974804806
1-May-2037,7.955900653
1-Jun-2037,7.900811368
1-Jul-2037,7.889866295
1-Aug-2037,7.898530775
1-Sep-2037,7.951175635
1-Oct-2037,7.980966116
1-Nov-2037,7.991896194
1-Dec-2037,8.006106028
1-Jan-2038,8.003463161
1-Feb-2038,7.985390739
1-Mar-2038,7.97642455
1-Apr-2038,7.944326463
1-May-2038,7.904568953
1-Jun-2038,7.884677863
1-Jul-2038,7.869846413
1-Aug-2038,7.884494018
1-Sep-2038,7.938059734
1-Oct-2038,7.97268835
1-Nov-2038,7.9987684
1-Dec-2038,7.995785218
1-Jan-2039,7.983146886
1-Feb-2039,7.989331205
1-Mar-2039,7.991261459
1-Apr-2039,7.971530682
1-May-2039,7.942269883
1-Jun-2039,7.909627584
1-Jul-2039,7.912110432
1-Aug-2039,7.914854758
1-Sep-2039,7.934383219
1-Oct-2039,7.975302322
1-Nov-2039,7.997624004
1-Dec-2039,8.004259502
1-Jan-2040,8.008248734
1-Feb-2040,8.011035571
1-Mar-2040,7.991085666
1-Apr-2040,7.958892215
1-May-2040,7.913056535
1-Jun-2040,7.889162085
1-Jul-2040,7.877933923
1-Aug-2040,7.889388115
1-Sep-2040,7.927866205
1-Oct-2040,7.950483717
1-Nov-2040,7.977837884
1-Dec-2040,7.992527277
1-Jan-2041,7.99906408
1-Feb-2041,7.990554784
1-Mar-2041,7.985856043
1-Apr-2041,7.951060048
1-May-2041,7.9323835
1-Jun-2041,7.909519305
1-Jul-2041,7.896756431
1-Aug-2041,7.899920747
1-Sep-2041,7.927152162
1-Oct-2041,7.953356195
1-Nov-2041,7.971612558
1-Dec-2041,7.985371998
1-Jan-2042,7.989179083
1-Feb-2042,7.982384462
1-Mar-2042,7.967946376
1-Apr-2042,7.945436435
1-May-2042,7.905952433
1-Jun-2042,7.901772463
1-Jul-2042,7.885450895
1-Aug-2042,7.877211289
1-Sep-2042,7.930605855
1-Oct-2042,7.96190898
1-Nov-2042,7.986011746
1-Dec-2042,7.992937256
1-Jan-2043,7.982240711
1-Feb-2043,7.981625302
1-Mar-2043,7.967149534
1-Apr-2043,7.95218914
1-May-2043,7.928144507
1-Jun-2043,7.8933097
1-Jul-2043,7.878344695
1-Aug-2043,7.875939795
1-Sep-2043,7.916225676
1-Oct-2043,7.958788513
1-Nov-2043,7.985625936
1-Dec-2043,7.987301086
1-Jan-2044,7.971660216
1-Feb-2044,7.966935848
1-Mar-2044,7.961327345
1-Apr-2044,7.931575436
1-May-2044,7.892869101
1-Jun-2044,7.88446247
1-Jul-2044,7.885916518
1-Aug-2044,7.886995343
1-Sep-2044,7.916263281
1-Oct-2044,7.951309279
1-Nov-2044,7.964591765
1-Dec-2044,7.973467545
1-Jan-2045,7.973997677
1-Feb-2045,7.978038774
1-Mar-2045,7.969688763
1-Apr-2045,7.944332542
1-May-2045,7.913184075
1-Jun-2045,7.892894048
1-Jul-2045,7.867986525
1-Aug-2045,7.87682678
1-Sep-2045,7.899182608
1-Oct-2045,7.945586981
1-Nov-2045,7.965941476
1-Dec-2045,7.976063102
1-Jan-2046,7.98003181
1-Feb-2046,7.977443745
1-Mar-2046,7.966777756
1-Apr-2046,7.93533087
1-May-2046,7.897556798
1-Jun-2046,7.869369103
1-Jul-2046,7.884196986
1-Aug-2046,7.878171912
1-Sep-2046,7.898366367
1-Oct-2046,7.943525243
1-Nov-2046,7.964430882
1-Dec-2046,7.982473592
1-Jan-2047,7.980762759
1-Feb-2047,7.975979547
1-Mar-2047,7.962654368
1-Apr-2047,7.949001389
1-May-2047,7.906985582
1-Jun-2047,7.896402909
1-Jul-2047,7.893777061
1-Aug-2047,7.885806079
1-Sep-2047,7.913468625
1-Oct-2047,7.946004879
1-Nov-2047,7.967779699
1-Dec-2047,7.977069949
1-Jan-2048,7.974404389
1-Feb-2048,7.975141143
1-Mar-2048,7.963654161
1-Apr-2048,7.939533777
1-May-2048,7.91327605
1-Jun-2048,7.890189957
1-Jul-2048,7.873258167
1-Aug-2048,7.875043196
1-Sep-2048,7.900236311
1-Oct-2048,7.945896085
1-Nov-2048,7.958546747
1-Dec-2048,7.96753158
1-Jan-2049,7.977912196
1-Feb-2049,7.972432589
1-Mar-2049,7.960019685
1-Apr-2049,7.936672043
1-May-2049,7.912247606
1-Jun-2049,7.88346861
1-Jul-2049,7.864987135
1-Aug-2049,7.86473613
1-Sep-2049,7.88393201
1-Oct-2049,7.927233366
1-Nov-2049,7.952622755
1-Dec-2049,7.962962211
1-Jan-2050,7.962104358
1-Feb-2050,7.952715124
1-Mar-2050,7.94852171
1-Apr-2050,7.925435492
1-May-2050,7.865435004
1-Jun-2050,7.849680588
1-Jul-2050,7.833757887
1-Aug-2050,7.863115102
1-Sep-2050,7.889512238
1-Oct-2050,7.917328042
1-Nov-2050,7.938806459
1-Dec-2050,7.95293817
1-Jan-2051,7.94393684
1-Feb-2051,7.940111483
1-Mar-2051,7.927108059
1-Apr-2051,7.899320483
1-May-2051,7.88268419
1-Jun-2051,7.86525758
1-Jul-2051,7.843659496
1-Aug-2051,7.867700291
1-Sep-2051,7.888327506
1-Oct-2051,7.921955268
1-Nov-2051,7.937943313
1-Dec-2051,7.942884186
1-Jan-2052,7.944088902
1-Feb-2052,7.937914444
1-Mar-2052,7.929542413
1-Apr-2052,7.913401741
1-May-2052,7.883018957
1-Jun-2052,7.867568823
1-Jul-2052,7.855419977
1-Aug-2052,7.854614571
1-Sep-2052,7.886494067
1-Oct-2052,7.922803395
1-Nov-2052,7.936435571
1-Dec-2052,7.935378294
1-Jan-2053,7.916519606
1-Feb-2053,7.91573102
1-Mar-2053,7.905373845
1-Apr-2053,7.882075965
1-May-2053,7.872537152
1-Jun-2053,7.852699445
1-Jul-2053,7.852161391
1-Aug-2053,7.846425038
1-Sep-2053,7.87782189
1-Oct-2053,7.901786765
1-Nov-2053,7.926291595
1-Dec-2053,7.930345399
1-Jan-2054,7.922717264
1-Feb-2054,7.921384236
1-Mar-2054,7.915157658
1-Apr-2054,7.887989069
1-May-2054,7.864427502
1-Jun-2054,7.823752288
1-Jul-2054,7.807101881
1-Aug-2054,7.831010106
1-Sep-2054,7.864495541
1-Oct-2054,7.887203398
1-Nov-2054,7.920715701
1-Dec-2054,7.932344334
1-Jan-2055,7.931160082
1-Feb-2055,7.922394923
1-Mar-2055,7.907410091
1-Apr-2055,7.867300168
1-May-2055,7.824356282
1-Jun-2055,7.815958407
1-Jul-2055,7.799035812
1-Aug-2055,7.802919912
1-Sep-2055,7.833582981
1-Oct-2055,7.891323298
1-Nov-2055,7.910610313
1-Dec-2055,7.914723305
1-Jan-2056,7.912372459
1-Feb-2056,7.918246226
1-Mar-2056,7.90820811
1-Apr-2056,7.887530538
1-May-2056,7.843182313
1-Jun-2056,7.814353794
1-Jul-2056,7.806393318
1-Aug-2056,7.809732503
1-Sep-2056,7.858092072
1-Oct-2056,7.900907657
1-Nov-2056,7.919159771
1-Dec-2056,7.917781012
1-Jan-2057,7.91202806
1-Feb-2057,7.908684648
1-Mar-2057,7.905063042
1-Apr-2057,7.881016943
1-May-2057,7.843908541
1-Jun-2057,7.816623523
1-Jul-2057,7.823634494
1-Aug-2057,7.823026226
1-Sep-2057,7.847161825
1-Oct-2057,7.87810795
1-Nov-2057,7.904633156
1-Dec-2057,7.916906415
1-Jan-2058,7.904426327
1-Feb-2058,7.88819785
1-Mar-2058,7.89504386
1-Apr-2058,7.872954697
1-May-2058,7.83299991
1-Jun-2058,7.803336658
1-Jul-2058,7.787155318
1-Aug-2058,7.789839135
1-Sep-2058,7.841650866
1-Oct-2058,7.875465613
1-Nov-2058,7.891956855
1-Dec-2058,7.899427541
1-Jan-2059,7.896317857
1-Feb-2059,7.897652629
1-Mar-2059,7.883678859
1-Apr-2059,7.865573088
1-May-2059,7.844638012
1-Jun-2059,7.816660316
1-Jul-2059,7.783995968
1-Aug-2059,7.787857605
1-Sep-2059,7.844447813
1-Oct-2059,7.88583479
1-Nov-2059,7.902113944
1-Dec-2059,7.907867649
1-Jan-2060,7.898808449
1-Feb-2060,7.900940248
1-Mar-2060,7.874969044
1-Apr-2060,7.852416356
1-May-2060,7.830756039
1-Jun-2060,7.797500479
1-Jul-2060,7.793872583
1-Aug-2060,7.787855464
1-Sep-2060,7.804772312
1-Oct-2060,7.848422101
1-Nov-2060,7.890518722
1-Dec-2060,7.897195111
1-Jan-2061,7.895562465
1-Feb-2061,7.861869909
1-Mar-2061,7.874429594
1-Apr-2061,7.849553154
1-May-2061,7.807846965
1-Jun-2061,7.79760782
1-Jul-2061,7.792832422
1-Aug-2061,7.790406877
1-Sep-2061,7.814735739
1-Oct-2061,7.863258051
1-Nov-2061,7.874585458
1-Dec-2061,7.885759681
1-Jan-2062,7.885600085
1-Feb-2062,7.885424957
1-Mar-2062,7.874207117
1-Apr-2062,7.850388298
1-May-2062,7.809977812
1-Jun-2062,7.785029609
1-Jul-2062,7.777904169
1-Aug-2062,7.782554152
1-Sep-2062,7.803042696
1-Oct-2062,7.848748602
1-Nov-2062,7.869529581
1-Dec-2062,7.880433549
1-Jan-2063,7.883241337
1-Feb-2063,7.87813825
1-Mar-2063,7.869977687
1-Apr-2063,7.847487071
1-May-2063,7.801419319
1-Jun-2063,7.795213999
1-Jul-2063,7.77903861
1-Aug-2063,7.801768048
1-Sep-2063,7.826692357
1-Oct-2063,7.848951205
1-Nov-2063,7.863222975
1-Dec-2063,7.870492164
1-Jan-2064,7.871369512
1-Feb-2064,7.871831302
1-Mar-2064,7.859750582
1-Apr-2064,7.839566215
1-May-2064,7.792005416
1-Jun-2064,7.768543648
1-Jul-2064,7.763110803
1-Aug-2064,7.766131015
1-Sep-2064,7.807777242
1-Oct-2064,7.850766732
1-Nov-2064,7.861400553
1-Dec-2064,7.868294326
1-Jan-2065,7.867781964
1-Feb-2065,7.857878188
1-Mar-2065,7.848847404
1-Apr-2065,7.8173372
1-May-2065,7.793634586
1-Jun-2065,7.768594168
1-Jul-2065,7.760263757
1-Aug-2065,7.760745116
1-Sep-2065,7.805702127
1-Oct-2065,7.844365128
1-Nov-2065,7.853028511
1-Dec-2065,7.864498512
1-Jan-2066,7.845363158
1-Feb-2066,7.830579846
1-Mar-2066,7.854093234
1-Apr-2066,7.83059769
1-May-2066,7.792498671
1-Jun-2066,7.768963657
1-Jul-2066,7.757834925
1-Aug-2066,7.762856344
1-Sep-2066,7.810001183
1-Oct-2066,7.838678029
1-Nov-2066,7.847048997
1-Dec-2066,7.852601967
1-Jan-2067,7.86069177
1-Feb-2067,7.849828755
1-Mar-2067,7.83117604
1-Apr-2067,7.820686752
1-May-2067,7.786366376
1-Jun-2067,7.774404171
1-Jul-2067,7.761951602
1-Aug-2067,7.758668525
1-Sep-2067,7.77850801
1-Oct-2067,7.825106022
1-Nov-2067,7.842796355
1-Dec-2067,7.847376152
1-Jan-2068,7.826030561
1-Feb-2068,7.814290949
1-Mar-2068,7.810214932
1-Apr-2068,7.788954615
1-May-2068,7.766439552
1-Jun-2068,7.752560634
1-Jul-2068,7.753390404
1-Aug-2068,7.76665248
1-Sep-2068,7.797445659
1-Oct-2068,7.825277528
1-Nov-2068,7.839705694
1-Dec-2068,7.831999131
1-Jan-2069,7.808074048
1-Feb-2069,7.835849272
1-Mar-2069,7.816424909
1-Apr-2069,7.783594155
1-May-2069,7.756685316
1-Jun-2069,7.749827798
1-Jul-2069,7.738639313
1-Aug-2069,7.738918893
1-Sep-2069,7.762651995
1-Oct-2069,7.818906956
1-Nov-2069,7.833058351
1-Dec-2069,7.838063148
1-Jan-2070,7.826028377
1-Feb-2070,7.81409743
1-Mar-2070,7.804956021
1-Apr-2070,7.781297815
1-May-2070,7.762275454
1-Jun-2070,7.748486392
1-Jul-2070,7.742483081
1-Aug-2070,7.743918483
1-Sep-2070,7.759476346
1-Oct-2070,7.80625088
1-Nov-2070,7.830962695
1-Dec-2070,7.824303756
1-Jan-2071,7.802700572
1-Feb-2071,7.798851661
1-Mar-2071,7.79379749
1-Apr-2071,7.781339014
1-May-2071,7.756347692
1-Jun-2071,7.736452939
1-Jul-2071,7.730691078
1-Aug-2071,7.732283517
1-Sep-2071,7.758509458
1-Oct-2071,7.778575848
1-Nov-2071,7.811431618
1-Dec-2071,7.821319648
1-Jan-2072,7.793841252
1-Feb-2072,7.790226774
1-Mar-2072,7.78688748
1-Apr-2072,7.771874286
1-May-2072,7.753081424
1-Jun-2072,7.741954773
1-Jul-2072,7.735552716
1-Aug-2072,7.738777125
1-Sep-2072,7.754026457
1-Oct-2072,7.798542431
1-Nov-2072,7.814788981
1-Dec-2072,7.814715855
1-Jan-2073,7.787664937
1-Feb-2073,7.782435994
1-Mar-2073,7.776856121
1-Apr-2073,7.758432656
1-May-2073,7.741614189
1-Jun-2073,7.735751345
1-Jul-2073,7.725155659
1-Aug-2073,7.725626147
1-Sep-2073,7.748670606
1-Oct-2073,7.763556333
1-Nov-2073,7.810484829
1-Dec-2073,7.810282324
1-Jan-2074,7.788629308
1-Feb-2074,7.783651372
1-Mar-2074,7.789985778
1-Apr-2074,7.768403331
1-May-2074,7.742972339
1-Jun-2074,7.732273479
1-Jul-2074,7.726929756
1-Aug-2074,7.724991009
1-Sep-2074,7.748431985
1-Oct-2074,7.761255058
1-Nov-2074,7.796851118
1-Dec-2074,7.806056237
1-Jan-2075,7.783195951
1-Feb-2075,7.777910119
1-Mar-2075,7.77549136
1-Apr-2075,7.760004613
1-May-2075,7.740717669
1-Jun-2075,7.729607185
1-Jul-2075,7.72119574
1-Aug-2075,7.725979198
1-Sep-2075,7.754261813
1-Oct-2075,7.766138562
1-Nov-2075,7.791476014
1-Dec-2075,7.792796092
1-Jan-2076,7.781514875
1-Feb-2076,7.775006687
1-Mar-2076,7.770957083
1-Apr-2076,7.755798966
1-May-2076,7.7320018
1-Jun-2076,7.720320621
1-Jul-2076,7.7119407
1-Aug-2076,7.71483351
1-Sep-2076,7.732450165
1-Oct-2076,7.784172455
1-Nov-2076,7.792041992
1-Dec-2076,7.784381288
1-Jan-2077,7.77839935
1-Feb-2077,7.779160998
1-Mar-2077,7.768473694
1-Apr-2077,7.75130082
1-May-2077,7.724934169
1-Jun-2077,7.708437998
1-Jul-2077,7.708468422
1-Aug-2077,7.715958767
1-Sep-2077,7.73982965
1-Oct-2077,7.762707828
1-Nov-2077,7.771365842
1-Dec-2077,7.773167928
1-Jan-2078,7.766865262
1-Feb-2078,7.763151747
1-Mar-2078,7.748408071
1-Apr-2078,7.741265401
1-May-2078,7.710054508
1-Jun-2078,7.707316695
1-Jul-2078,7.702663289
1-Aug-2078,7.705475463
1-Sep-2078,7.722526266
1-Oct-2078,7.740417475
1-Nov-2078,7.759773155
1-Dec-2078,7.763583126
1-Jan-2079,7.755853167
1-Feb-2079,7.755111672
1-Mar-2079,7.747663117
1-Apr-2079,7.732373649
1-May-2079,7.711496146
1-Jun-2079,7.696639427
1-Jul-2079,7.698961313
1-Aug-2079,7.705770964
1-Sep-2079,7.719458631
1-Oct-2079,7.743146956
1-Nov-2079,7.777476143
1-Dec-2079,7.760531827
1-Jan-2080,7.756346669
1-Feb-2080,7.754231503
1-Mar-2080,7.743097063
1-Apr-2080,7.727284714
1-May-2080,7.705052309
1-Jun-2080,7.685726446
1-Jul-2080,7.680698339
1-Aug-2080,7.693234302
1-Sep-2080,7.716766889
1-Oct-2080,7.738038737
1-Nov-2080,7.758279792
1-Dec-2080,7.75571744
1-Jan-2081,7.748887394
1-Feb-2081,7.749586921
1-Mar-2081,7.743446119
1-Apr-2081,7.721361183
1-May-2081,7.704534904
1-Jun-2081,7.684871251
1-Jul-2081,7.67712324
1-Aug-2081,7.688033673
1-Sep-2081,7.712361377
1-Oct-2081,7.743991371
1-Nov-2081,7.747749813
1-Dec-2081,7.750552521
1-Jan-2082,7.737717682
1-Feb-2082,7.73706151
1-Mar-2082,7.730572284
1-Apr-2082,7.727916298
1-May-2082,7.702894946
1-Jun-2082,7.692017847
1-Jul-2082,7.6855921
1-Aug-2082,7.687864765
1-Sep-2082,7.70839279
1-Oct-2082,7.741011461
1-Nov-2082,7.752582756
1-Dec-2082,7.746636483
1-Jan-2083,7.731959557
1-Feb-2083,7.733391175
1-Mar-2083,7.738563718
1-Apr-2083,7.7138647
1-May-2083,7.682545389
1-Jun-2083,7.668280535
1-Jul-2083,7.672544208
1-Aug-2083,7.669454372
1-Sep-2083,7.701499408
1-Oct-2083,7.722748985
1-Nov-2083,7.739378497
1-Dec-2083,7.729472518
1-Jan-2084,7.72640729
1-Feb-2084,7.726937757
1-Mar-2084,7.723689339
1-Apr-2084,7.709657057
1-May-2084,7.691000519
1-Jun-2084,7.677832989
1-Jul-2084,7.669268847
1-Aug-2084,7.67801856
1-Sep-2084,7.696678824
1-Oct-2084,7.723055047
1-Nov-2084,7.736175204
1-Dec-2084,7.735332185
1-Jan-2085,7.722805631
1-Feb-2085,7.724891396
1-Mar-2085,7.717998887
1-Apr-2085,7.694311785
1-May-2085,7.67061552
1-Jun-2085,7.668992325
1-Jul-2085,7.663846925
1-Aug-2085,7.672581489
1-Sep-2085,7.69426468
1-Oct-2085,7.715414231
1-Nov-2085,7.732357334
1-Dec-2085,7.733185128
1-Jan-2086,7.717906973
1-Feb-2086,7.720451618
1-Mar-2086,7.709267167
1-Apr-2086,7.691790077
1-May-2086,7.667073717
1-Jun-2086,7.664515322
1-Jul-2086,7.66239463
1-Aug-2086,7.669470723
1-Sep-2086,7.693914328
1-Oct-2086,7.712433495
1-Nov-2086,7.725816763
1-Dec-2086,7.720006369
1-Jan-2087,7.712331213
1-Feb-2087,7.718779981
1-Mar-2087,7.700865803
1-Apr-2087,7.682120018
1-May-2087,7.65543835
1-Jun-2087,7.658686857
1-Jul-2087,7.66011902
1-Aug-2087,7.668959777
1-Sep-2087,7.694046259
1-Oct-2087,7.712138113
1-Nov-2087,7.723447383
1-Dec-2087,7.714222154
1-Jan-2088,7.708732279
1-Feb-2088,7.713267521
1-Mar-2088,7.706216364
1-Apr-2088,7.678966816
1-May-2088,7.659764996
1-Jun-2088,7.6522497
1-Jul-2088,7.647683057
1-Aug-2088,7.64684419
1-Sep-2088,7.674150726
1-Oct-2088,7.701361847
1-Nov-2088,7.714577863
1-Dec-2088,7.715237998
1-Jan-2089,7.695252111
1-Feb-2089,7.702609927
1-Mar-2089,7.694864704
1-Apr-2089,7.662102007
1-May-2089,7.648211793
1-Jun-2089,7.644107018
1-Jul-2089,7.642214808
1-Aug-2089,7.647636126
1-Sep-2089,7.672209653
1-Oct-2089,7.691710021
1-Nov-2089,7.702492645
1-Dec-2089,7.707295772
1-Jan-2090,7.693835129
1-Feb-2090,7.68929766
1-Mar-2090,7.681264275
1-Apr-2090,7.666076202
1-May-2090,7.644960623
1-Jun-2090,7.637770301
1-Jul-2090,7.63603021
1-Aug-2090,7.645075156
1-Sep-2090,7.650711532
1-Oct-2090,7.685793541
1-Nov-2090,7.696748839
1-Dec-2090,7.691265076
1-Jan-2091,7.688641705
1-Feb-2091,7.685677916
1-Mar-2091,7.674489882
1-Apr-2091,7.669735458
1-May-2091,7.643317711
1-Jun-2091,7.632321995
1-Jul-2091,7.640702806
1-Aug-2091,7.643760539
1-Sep-2091,7.666753657
1-Oct-2091,7.682977939
1-Nov-2091,7.69777013
1-Dec-2091,7.700468968
1-Jan-2092,7.687656079
1-Feb-2092,7.684916721
1-Mar-2092,7.684623206
1-Apr-2092,7.661139847
1-May-2092,7.641905405
1-Jun-2092,7.629609099
1-Jul-2092,7.63547649
1-Aug-2092,7.639868087
1-Sep-2092,7.666869418
1-Oct-2092,7.687508359
1-Nov-2092,7.691719396
1-Dec-2092,7.685067389
1-Jan-2093,7.675208068
1-Feb-2093,7.674126933
1-Mar-2093,7.676213629
1-Apr-2093,7.651396069
1-May-2093,7.624017292
1-Jun-2093,7.623945142
1-Jul-2093,7.614090489
1-Aug-2093,7.633355348
1-Sep-2093,7.661336308
1-Oct-2093,7.692372186
1-Nov-2093,7.690439081
1-Dec-2093,7.684143544
1-Jan-2094,7.671633162
1-Feb-2094,7.682138275
1-Mar-2094,7.674424055
1-Apr-2094,7.650836297
1-May-2094,7.629896684
1-Jun-2094,7.62481737
1-Jul-2094,7.632558673
1-Aug-2094,7.635761078
1-Sep-2094,7.66286104
1-Oct-2094,7.684965986
1-Nov-2094,7.685978495
1-Dec-2094,7.679669086
1-Jan-2095,7.665472285
1-Feb-2095,7.666926339
1-Mar-2095,7.670883969
1-Apr-2095,7.657435902
1-May-2095,7.63636791
1-Jun-2095,7.634056697
1-Jul-2095,7.621450186
1-Aug-2095,7.63326454
1-Sep-2095,7.655843732
1-Oct-2095,7.674908211
1-Nov-2095,7.677559644
1-Dec-2095,7.671345368
1-Jan-2096,7.6592772
1-Feb-2096,7.66862847
1-Mar-2096,7.66583374
1-Apr-2096,7.65183576
1-May-2096,7.620457644
1-Jun-2096,7.617087071
1-Jul-2096,7.612709851
1-Aug-2096,7.617035373
1-Sep-2096,7.640514687
1-Oct-2096,7.661047856
1-Nov-2096,7.671423808
1-Dec-2096,7.665520745
1-Jan-2097,7.654708358
1-Feb-2097,7.662726469
1-Mar-2097,7.65097983
1-Apr-2097,7.645383151
1-May-2097,7.627816086
1-Jun-2097,7.614790093
1-Jul-2097,7.608588331
1-Aug-2097,7.617004578
1-Sep-2097,7.636724276
1-Oct-2097,7.664961869
1-Nov-2097,7.66725387
1-Dec-2097,7.664623088
1-Jan-2098,7.649135039
1-Feb-2098,7.646965015
1-Mar-2098,7.652986697
1-Apr-2098,7.639686438
1-May-2098,7.614261362
1-Jun-2098,7.608191948
1-Jul-2098,7.611366139
1-Aug-2098,7.624604281
1-Sep-2098,7.645051999
1-Oct-2098,7.659680048
1-Nov-2098,7.670160373
1-Dec-2098,7.663470619
1-Jan-2099,7.656525565
1-Feb-2099,7.660336281
1-Mar-2099,7.644656498
1-Apr-2099,7.627592501
1-May-2099,7.610076417
1-Jun-2099,7.599380377
1-Jul-2099,7.611405181
1-Aug-2099,7.60786566
1-Sep-2099,7.624589479
1-Oct-2099,7.659827502
1-Nov-2099,7.670092707
1-Dec-2099,7.670215005
