Date,SO (P2.5),SO (P50),SO (P97.5)
01 Jan 1993,33.871582997207305,34.52022688074346,34.855197832832076
01 Feb 1993,34.010493121140975,34.41374220475963,34.748036034983194
01 Mar 1993,33.768409695683474,34.395758338530825,34.48019316298054
01 Apr 1993,33.210688324197314,33.91119175582699,34.403790731067225
01 May 1993,32.71375020075999,33.4040265484963,34.036303520586
01 Jun 1993,32.55705655725988,33.289558281680414,33.82853450157884
01 Jul 1993,33.19610046926571,33.470841805425586,34.10337820283811
01 Aug 1993,33.669982284866016,34.31992748102905,34.774147423382075
01 Sep 1993,33.71218931418364,34.06557173904008,34.70079629402003
01 Oct 1993,33.5749167723207,34.11510423720558,34.98667833725931
01 Nov 1993,33.607288762705274,34.22727077778888,35.02079406137176
01 Dec 1993,33.99233086327736,34.390927599980316,34.96199210519824
01 Jan 1994,34.04860691291785,34.45491108798791,34.772596252779586
01 Feb 1994,34.34819085547888,34.544550335066006,34.811673456048254
01 Mar 1994,34.32713972967942,34.44446815246136,34.62261187324853
01 Apr 1994,33.54911202842146,33.85104956340098,34.18096173606159
01 May 1994,33.2999139369517,33.62553083848169,33.85357906440679
01 Jun 1994,33.56546241651667,33.79798952292584,33.865657969680086
01 Jul 1994,33.641624153507365,33.99483974526779,34.20631106622534
01 Aug 1994,34.26451823331134,34.43222723245973,34.53728513768852
01 Sep 1994,33.971801606234074,34.43022693262509,34.72470315168032
01 Oct 1994,34.18501282103973,34.38418306473093,35.49043749689249
01 Nov 1994,34.314308383817234,34.66139797455342,35.101221438961005
01 Dec 1994,34.26912709254368,34.571485422981404,34.7296277007305
01 Jan 1995,33.80171525290444,34.47888464513782,34.78194363113227
01 Feb 1995,33.77564954493516,34.28862998376686,34.90577400379784
01 Mar 1995,33.53684383399765,34.09495786469036,34.84313541375796
01 Apr 1995,32.94951442963546,33.74669678097313,34.30625358536652
01 May 1995,32.69268530127454,33.36179460898519,34.263682108628046
01 Jun 1995,31.820497782203738,33.26824369238295,34.34509330597678
01 Jul 1995,31.71505054274902,33.40451971803823,34.553613206648855
01 Aug 1995,32.967117006690216,33.824746189417944,35.16045770137311
01 Sep 1995,33.29751827176503,34.35523156030289,35.03181787007083
01 Oct 1995,33.26013314751859,34.486468519654714,35.013638787704984
01 Nov 1995,33.46481420910687,34.606833340640705,35.04973965004028
01 Dec 1995,33.45930205779395,34.567118224269855,34.90109125483933
01 Jan 1996,33.4398868007532,33.98545850849283,34.92132019497428
01 Feb 1996,33.53399450834697,34.0500517168661,35.050713118345804
01 Mar 1996,33.5082880807921,33.87333077985034,35.04419720103825
01 Apr 1996,33.004637891392456,33.43108282510158,34.5535512139128
01 May 1996,32.80491557325034,33.08295084960588,34.13893112260616
01 Jun 1996,32.822749871065625,33.125193175739234,34.029405138629414
01 Jul 1996,33.28815887740894,33.57488243267842,34.275901015969836
01 Aug 1996,33.61715904091926,34.13699561386316,34.62424927710597
01 Sep 1996,33.57960782275592,34.36629954088025,34.975388230569166
01 Oct 1996,33.676964922954916,34.38042672015421,35.33912978420532
01 Nov 1996,33.853800281651544,34.4875648874932,34.907983130726635
01 Dec 1996,34.16125683630888,34.62702393044015,34.94957111335423
01 Jan 1997,34.2170044842761,34.46703124082339,34.54548233535923
01 Feb 1997,34.301775108618536,34.616224967590064,34.72804760334384
01 Mar 1997,33.7949744901303,34.550086326148524,34.669361459136866
01 Apr 1997,33.43376341437391,33.806889311617184,34.30926368564164
01 May 1997,33.18673803285434,33.74958064986451,33.812467372470984
01 Jun 1997,32.87463850608784,33.79170028453353,33.83878032733533
01 Jul 1997,32.95437415073804,33.8479087564596,34.0676581973488
01 Aug 1997,33.39228387655627,34.264477553975176,34.462040596798154
01 Sep 1997,33.332387936139625,34.241359099625875,34.6975690445064
01 Oct 1997,33.35070695773548,34.1598567382705,34.48854280343791
01 Nov 1997,33.30959368488616,34.185956946195994,34.474021522694045
01 Dec 1997,32.54376401235228,34.06228739259874,34.78859046271998
01 Jan 1998,32.49631060215296,34.169478186129375,35.08379055254966
01 Feb 1998,32.73865692164974,34.20784643432482,35.04426407614245
01 Mar 1998,32.633978491316846,34.13058469617407,34.62385053253663
01 Apr 1998,33.14773809918381,34.123927405111814,34.27445171267004
01 May 1998,32.969389111849786,33.65976623577977,33.86062479057402
01 Jun 1998,33.3837401733249,33.46117730929545,33.775513414970725
01 Jul 1998,33.08950972800436,33.71644720480913,34.22342737723018
01 Aug 1998,33.29975177355418,34.04087533157289,34.78171097113075
01 Sep 1998,32.64787177928173,33.98337656221918,35.073584904214826
01 Oct 1998,33.38543818846068,34.279586982001796,34.827384681892745
01 Nov 1998,33.42279665657244,34.238931586621064,34.991932291725725
01 Dec 1998,33.915384338084124,34.156351714679154,34.43274782200632
01 Jan 1999,33.6689762775265,34.44206561290787,34.80980544499351
01 Feb 1999,33.89426716366969,34.5881001866537,34.963202562316646
01 Mar 1999,33.8581453013655,34.49445381477872,35.04832924715812
01 Apr 1999,33.56432273393745,33.79211307179271,34.70212987142243
01 May 1999,33.19840127716894,33.54393392468354,34.44810382490512
01 Jun 1999,32.989425721850225,33.68458703979872,34.39782618273296
01 Jul 1999,33.21596713271479,33.9368068588489,34.56136004061825
01 Aug 1999,33.37874751121355,34.310668811191995,34.926501174678506
01 Sep 1999,33.29774812248604,34.02634647010578,34.57155420620751
01 Oct 1999,33.307614395986356,33.85561250791931,34.65091211314803
01 Nov 1999,33.20503740611107,34.16941710563107,34.9447855973755
01 Dec 1999,33.633413473020354,33.894653338113976,34.43520172157775
01 Jan 2000,33.82069243626014,34.25289290680633,34.64444469207719
01 Feb 2000,34.00038376047491,34.326051122699596,35.06848392568033
01 Mar 2000,34.099821842172105,34.501995484158904,34.8037231255154
01 Apr 2000,33.93023904593823,34.11900844357219,34.293474749326464
01 May 2000,33.53186268264645,33.64034993733896,33.777863326239746
01 Jun 2000,33.382468007253,33.48940382556955,34.30148478224862
01 Jul 2000,33.62908081108473,33.760742041232874,34.431059796431754
01 Aug 2000,33.883512576390736,34.16181780488853,34.673661757349585
01 Sep 2000,33.50903578618261,33.944384449048684,34.066504223983245
01 Oct 2000,33.059844119359504,34.096192707855614,34.62130130496174
01 Nov 2000,33.32628194438714,34.19727283525215,35.01727038907018
01 Dec 2000,33.977827252725326,34.17974230824352,35.22870076069755
01 Jan 2001,33.744425066873085,33.99142851772119,35.01984767132888
01 Feb 2001,34.05393830469847,34.22822675715747,35.02918298878817
01 Mar 2001,34.02389608457218,34.51277391665993,34.84053505865731
01 Apr 2001,33.514872733961944,34.07779328009375,34.448891017432025
01 May 2001,32.92539932398833,33.68406055263078,34.06203939938755
01 Jun 2001,33.12629386374963,33.683616587934026,34.049629269469584
01 Jul 2001,33.51349816241037,33.86548219448343,34.296460380020484
01 Aug 2001,33.849674335578655,34.582047975578874,34.89131070268324
01 Sep 2001,33.96803096698161,34.52975870275128,34.93441185843775
01 Oct 2001,34.10715032304531,34.351560167739756,34.92084221228575
01 Nov 2001,33.97801719879244,34.385679747975324,35.00487751100808
01 Dec 2001,33.76494239315561,34.380112692843646,34.992847813220806
01 Jan 2002,34.335582124847775,34.47992615913678,34.873359866578916
01 Feb 2002,34.374646703689436,34.85655544920622,34.93993008085451
01 Mar 2002,34.43169676698638,34.57324793642292,34.88447143814417
01 Apr 2002,33.78515796843762,34.079428291178026,34.59783697482636
01 May 2002,33.48832089070257,33.76960452552853,34.18058125091788
01 Jun 2002,33.16942314232209,33.79484897980386,34.09748879468921
01 Jul 2002,33.12596003522468,33.808291101152825,34.20657785601213
01 Aug 2002,32.83777846622563,34.25337257610216,34.68239159407163
01 Sep 2002,33.021244230542834,34.29469070864693,34.594721667792044
01 Oct 2002,33.198537791632404,34.470143623635714,34.904682869865034
01 Nov 2002,33.64808580068647,34.57568775207828,34.77576698474036
01 Dec 2002,33.61944996808107,34.598846278931966,35.07574483866947
01 Jan 2003,33.01289934101876,34.44673966648184,34.985289163846666
01 Feb 2003,32.78614635547708,34.55854610281249,34.97587095087143
01 Mar 2003,32.660802606250726,34.619489914214455,34.86487943633438
01 Apr 2003,32.79971007433897,34.10826344265778,34.5498777384513
01 May 2003,32.60772168576315,33.843645322632256,34.11640919780151
01 Jun 2003,32.90775094136078,33.670219607996124,33.95299085472355
01 Jul 2003,33.17603998024111,33.828497097508745,34.06351007279672
01 Aug 2003,33.31387008754641,34.397563729081774,34.59275736159339
01 Sep 2003,33.41910258100741,34.617465311092396,34.79097371610773
01 Oct 2003,32.77530998863763,34.538025567720716,34.923303876236254
01 Nov 2003,32.841224341820386,34.45366347279311,34.91687085092781
01 Dec 2003,33.5594819745163,34.43767907412291,34.5855477639941
01 Jan 2004,33.80142043420374,34.4971913389899,34.770771962394754
01 Feb 2004,34.39510396066347,34.64333108087492,34.94489490263765
01 Mar 2004,33.86914992011655,34.62985971420642,34.982821033232035
01 Apr 2004,33.46255859066979,34.26882308253104,34.685044223223294
01 May 2004,33.12774212950047,33.565892881212356,34.24511469732052
01 Jun 2004,33.02545309706699,33.32691034569677,34.153624276949934
01 Jul 2004,33.459326383939505,33.918795129977084,34.52839400630209
01 Aug 2004,34.268500867273026,34.68082459278612,35.05992544051702
01 Sep 2004,34.11806300297412,34.4956151410743,34.99484243888798
01 Oct 2004,34.43470797536424,34.56455118677411,34.88154093359242
01 Nov 2004,34.28090410351627,34.59939639283758,34.645897039445195
01 Dec 2004,34.15539468485251,34.43260938915291,34.858560456597324
01 Jan 2005,33.88541553729505,34.16217021095712,34.71517618793743
01 Feb 2005,34.045849869198406,34.47002231881136,35.046536545366266
01 Mar 2005,34.31595475422238,34.472328535328394,34.86468071616126
01 Apr 2005,33.90855151507752,34.06045927751632,34.356675670114264
01 May 2005,33.40021101950178,33.605585142791384,34.20350772389163
01 Jun 2005,33.19670109371706,33.584152153537026,34.19037922907726
01 Jul 2005,33.14955630582032,34.03732051267831,34.56337665642045
01 Aug 2005,33.22722040790476,34.35959251962836,34.81272095035845
01 Sep 2005,33.47843902389432,34.668319219132215,35.21087376555553
01 Oct 2005,33.9174512392527,34.90895603443068,34.96694157561507
01 Nov 2005,33.92318543008242,34.88085397345868,35.103697638267235
01 Dec 2005,34.02865807832599,34.385459023751814,34.67899937341099
01 Jan 2006,33.93701279361461,34.28898114836501,34.55250652622018
01 Feb 2006,33.95978936682758,34.39573767503885,34.9340151519215
01 Mar 2006,33.95867575014857,34.53145760283758,34.67048090649216
01 Apr 2006,33.55540048168303,34.263332796152184,34.33079151918362
01 May 2006,33.17971064832127,33.89076667455718,34.17133520065616
01 Jun 2006,33.07110204851939,33.75623450973916,34.14467602247204
01 Jul 2006,33.29667176616476,33.724454361904044,34.30811657601468
01 Aug 2006,33.87320923222238,34.12680552485456,34.81177014543402
01 Sep 2006,33.60109533555858,34.07770202650303,35.156680338161884
01 Oct 2006,33.56151718789845,34.25886548798254,35.23701159652509
01 Nov 2006,33.840085385541165,34.319436766152926,35.335738984250405
01 Dec 2006,34.14071413341842,34.68218844584234,35.36023495792081
01 Jan 2007,34.2309528763634,34.47447938107882,35.333815010745155
01 Feb 2007,33.8334267661412,34.18645449872207,35.48066329536248
01 Mar 2007,33.5223191668805,34.01981889133991,35.36361345316761
01 Apr 2007,32.99074559082292,33.52960036273076,34.9776845398572
01 May 2007,32.62683972582665,33.19540269837215,34.651824650243256
01 Jun 2007,32.91937768009343,33.11218216019826,34.5963481731543
01 Jul 2007,32.31446556961574,33.45301800638346,34.701770633269746
01 Aug 2007,32.99907578697226,34.17622707011956,34.851125408551994
01 Sep 2007,32.859515773742025,33.91967595003275,35.14404656090545
01 Oct 2007,32.8809939740386,34.16844052119229,35.18419866044965
01 Nov 2007,33.631616017914304,33.963469135487614,34.943092987949115
01 Dec 2007,33.74042534466539,34.07018903372662,34.921095626502975
01 Jan 2008,33.81099105690528,34.47350810348766,34.89093765627779
01 Feb 2008,33.99790717595624,34.78428752953928,34.829246654265965
01 Mar 2008,33.7124181820722,34.47451744001404,34.77217189496654
01 Apr 2008,33.42844419426966,33.99977916871204,34.45216503720139
01 May 2008,33.31362554722137,33.647652740985954,34.115294074598296
01 Jun 2008,33.0833387294689,33.51197741084339,33.89758469970418
01 Jul 2008,33.141797365334504,33.57331517626257,34.09553499024896
01 Aug 2008,33.51694456049764,33.916035761621764,34.274452559060265
01 Sep 2008,33.21300312698277,33.508518355366206,34.29468387197455
01 Oct 2008,32.967127259822256,33.501695998403925,34.16595608784617
01 Nov 2008,33.39421825850982,33.45549007800616,34.27989703406627
01 Dec 2008,32.854085068010185,33.76545324056089,34.316901467511514
01 Jan 2009,32.5759309710991,34.041962641091494,34.293101042409916
01 Feb 2009,33.43696973322821,33.90149668238374,34.72200370825417
01 Mar 2009,33.75789934113484,33.9288583207651,34.84565500688002
01 Apr 2009,33.163910836462016,33.85433309795296,34.42113047976455
01 May 2009,32.68622513580667,33.10665442548371,34.104327558212255
01 Jun 2009,32.48276053225268,33.08448291199459,34.14323570623656
01 Jul 2009,32.49053314521406,33.18101244974479,34.12375927056278
01 Aug 2009,32.85664054180202,33.767756125098096,34.61550014905449
01 Sep 2009,32.891209232232804,33.61968743011387,34.64405427120266
01 Oct 2009,33.08496481358916,33.61521092179761,34.65875309753822
01 Nov 2009,33.093685172387964,33.59405670283519,34.882127250349896
01 Dec 2009,32.923879380172636,34.11562410459232,34.975076604312555
01 Jan 2010,32.51815358414047,34.186669895956605,34.97425894314629
01 Feb 2010,32.55117912213367,34.47508969833756,35.337454330706734
01 Mar 2010,32.57175806582444,34.263219943921364,35.35756106162331
01 Apr 2010,32.76179492309822,33.75543895885899,35.07162499536475
01 May 2010,32.21684086097399,33.426033588677136,34.71407247221064
01 Jun 2010,32.40769099788179,33.10334429602641,34.688567949639314
01 Jul 2010,32.29309619129144,33.46912408699371,34.8602329303905
01 Aug 2010,32.6341328882717,33.49854666378225,35.26002207457694
01 Sep 2010,32.91707890459199,33.21674271537071,35.25406958160883
01 Oct 2010,32.96899228312561,33.60873344310893,35.26956545527236
01 Nov 2010,32.909338113960516,33.555116711753364,35.253882584407506
01 Dec 2010,32.34769785572967,33.40089077892901,34.96720667028426
01 Jan 2011,32.998646992363,34.49412081730228,34.81070884901697
01 Feb 2011,32.76775067241724,34.76824786177989,34.882081077187124
01 Mar 2011,33.12821313227649,34.75521200140859,34.9543049792221
01 Apr 2011,32.9871795404499,34.33180354767778,34.544759534303324
01 May 2011,33.056672471001896,33.894718197635086,34.2720596038536
01 Jun 2011,32.91052730579995,33.82834771833698,34.27419820738339
01 Jul 2011,32.889184104134486,33.916767307396306,34.55745143937665
01 Aug 2011,33.17911342204574,34.28691358139338,34.8530793837644
01 Sep 2011,32.54050871897563,34.321603488486055,34.69875228868972
01 Oct 2011,32.08101703076044,34.29784716105655,34.66252734425618
01 Nov 2011,33.025107961656694,34.33291337930315,34.68901181943079
01 Dec 2011,33.33204712946178,34.36100199496399,34.999139820444576
01 Jan 2012,33.44396283964319,34.37948419379563,35.09581712719142
01 Feb 2012,33.55247662178327,34.42804319713064,35.33445970837876
01 Mar 2012,33.54964297402523,34.37703923175069,35.14285325146782
01 Apr 2012,33.37250342783498,33.90826035116271,34.70397484394547
01 May 2012,32.93633628067493,33.53224666675765,34.28446891154816
01 Jun 2012,32.850270290768336,33.285950200151866,34.5011131620353
01 Jul 2012,32.975689288002194,33.55832001352019,34.90937164196864
01 Aug 2012,33.26997393987615,34.32687742450052,35.30276255280436
01 Sep 2012,33.01469752746015,34.28932728147467,35.24314463972432
01 Oct 2012,33.07950785798975,34.0978997141971,35.323601857188805
01 Nov 2012,33.519231254949965,33.88789196832312,35.34188815983976
01 Dec 2012,33.569794193164874,34.200604488806185,34.91048120516896
01 Jan 2013,34.08990532426434,34.34239739325174,34.72294871202803
01 Feb 2013,34.35095130871985,34.44794320516512,34.78701859313169
01 Mar 2013,33.821531828158285,34.21849187034258,34.83278436585996
01 Apr 2013,33.273470755398954,33.72764919146919,34.4672308725677
01 May 2013,33.098695591691566,33.3789336120076,34.156571771274315
01 Jun 2013,33.057172143918756,33.49691823701529,34.02164127033853
01 Jul 2013,33.219067227832966,33.62394130085009,34.36143500259018
01 Aug 2013,33.831710149567,34.26862877436881,34.70371801359444
01 Sep 2013,33.96703828476009,34.42920105429157,34.87305874086832
01 Oct 2013,33.835564171598726,34.01046318542437,34.9836518546187
01 Nov 2013,33.731602308660385,34.79362134943903,35.151053039722775
01 Dec 2013,34.09200274987512,34.6468133008831,34.83986836197495
01 Jan 2014,33.89670849946675,34.332146297018184,34.65874145947032
01 Feb 2014,34.14396705133492,34.40974438387774,34.73450710957883
01 Mar 2014,34.15791221355746,34.35262503003261,35.07516577127238
01 Apr 2014,33.650073776723275,34.03131287553478,35.031494527029665
01 May 2014,33.143439257878526,33.67819785277756,34.62722356929353
01 Jun 2014,32.925397464323666,33.41247051385937,34.36511551529601
01 Jul 2014,33.052082594573314,33.310769691923234,34.40519113418612
01 Aug 2014,33.501263333890265,34.27279536032436,34.85143583098227
01 Sep 2014,33.50306928969444,34.27245377511504,34.88358581458016
01 Oct 2014,33.52815112367548,34.279782791355686,34.819067481013164
01 Nov 2014,33.5326768380785,34.36660414766612,34.953071524616306
01 Dec 2014,33.08804511553418,34.33975290994684,34.964234026908905
01 Jan 2015,32.572900071053745,34.087424022864575,34.82502693339224
01 Feb 2015,33.59243065053707,34.40719656468209,34.69702505561974
01 Mar 2015,33.610076742993336,34.226370747392735,34.50539750691024
01 Apr 2015,33.36116400326946,33.447357694026735,34.04045166018243
01 May 2015,32.79411834143778,33.125488973874134,33.54996874117344
01 Jun 2015,32.590195512056816,33.05128594452284,33.27685130579199
01 Jul 2015,32.631328325614675,33.23512183945899,33.6833817609917
01 Aug 2015,32.993352268344076,33.51377100552215,34.41706154395427
01 Sep 2015,32.98301222705896,33.68513122192181,34.187249789816704
01 Oct 2015,33.32601875087729,33.720635018709075,34.515928038497954
01 Nov 2015,33.41022329467932,34.17699758350333,34.393469407804766
01 Dec 2015,33.51077992056297,34.09945048764979,34.40244039391804
01 Jan 2016,33.786697984822936,34.3141849667224,34.35192204797609
01 Feb 2016,34.035725561471764,34.35984658245182,34.900810882501624
01 Mar 2016,33.78419059536227,34.38403915494733,34.989336267310165
01 Apr 2016,33.37530087865305,33.94437743486931,34.72924779136419
01 May 2016,33.13462887454089,33.57838661077291,34.240886902429445
01 Jun 2016,33.407691644157524,33.6375431041621,33.917149706479535
01 Jul 2016,33.58758400405724,33.81072732776076,34.03050039302756
01 Aug 2016,33.98435816086933,34.09209587665578,34.33672624833297
01 Sep 2016,33.950635740314446,34.06170727062999,34.24118813480032
01 Oct 2016,34.07779097109028,34.14175835061512,34.64820377461776
01 Nov 2016,33.508927911378066,33.97650085296565,34.75331199691769
01 Dec 2016,33.514631360213414,33.861004992175516,34.478817463773055
01 Jan 2017,33.53775633648908,34.202291211839665,34.58363617886043
01 Feb 2017,33.686852371224376,34.365983852840785,34.38224141407634
01 Mar 2017,33.7520467304232,34.28096753037577,34.56901170105528
01 Apr 2017,33.52538947017704,33.869801743934985,34.116270843227014
01 May 2017,32.57067115101452,32.99309644106575,33.462356118163385
01 Jun 2017,32.48084086231212,32.9344001344407,33.35206987458299
01 Jul 2017,32.617983757779726,33.06346717743676,33.61008586213892
01 Aug 2017,32.93094114525352,33.75714286307097,33.91718295460114
01 Sep 2017,32.8113943796128,33.6296386499138,33.877396443207466
01 Oct 2017,32.776231440107985,33.80536125932831,33.86489862179299
01 Nov 2017,32.837176687609656,33.71272111750522,34.122367866902515
01 Dec 2017,32.85545507671758,33.592828344873055,34.58134952696446
01 Jan 2018,33.26254175861435,33.604727330124476,34.55828880607979
01 Feb 2018,33.03222901345859,33.44626512178437,34.83232754199682
01 Mar 2018,33.03253737591854,33.27571097325587,34.95259893604496
01 Apr 2018,32.4844651236921,32.860345917552024,34.32716435853505
01 May 2018,31.79134955566129,32.60495562152078,33.82569557458045
01 Jun 2018,31.96828416970423,32.63941426319768,33.66358684052468
01 Jul 2018,31.978970341388063,32.384160950711575,33.710273045677326
01 Aug 2018,32.22292558671005,32.64310414598803,34.16217321607248
01 Sep 2018,32.470736038464786,32.895548339126165,34.27554185842528
01 Oct 2018,32.48943464596532,32.92768866910827,34.3487271618776
01 Nov 2018,32.644463869046795,33.06473090485399,34.13646270122604
01 Dec 2018,32.98145392291551,33.622988571893835,34.159909816805836
01 Jan 2019,33.13022509999533,33.68785639656364,34.179359174563764
01 Feb 2019,33.331301626004944,33.691540152062345,34.34977863543099
01 Mar 2019,32.49204884403376,33.783956024432214,34.2374968361317
01 Apr 2019,32.31414426569644,33.50235352201065,33.834658322885915
01 May 2019,31.823145181753876,33.31969305569331,33.46596908022379
01 Jun 2019,31.732531187071963,33.187317816249596,33.48738654402899
01 Jul 2019,32.40808461252917,33.40220054019097,33.55731272404222
01 Aug 2019,33.002397567898505,33.812199115684194,34.254902188735116
01 Sep 2019,33.10157053750971,33.603551628010734,34.09898055967309
01 Oct 2019,33.32043589708589,33.76855741220999,34.028077840606414
01 Nov 2019,33.44812126135719,33.68523541755248,33.80025181062696
01 Dec 2019,33.43093143767244,33.57934683508008,34.000478062912
01 Jan 2020,33.5338469581027,33.687066374265875,34.40040442693302
01 Feb 2020,33.496721871122645,33.852981430127365,34.35017053335999
01 Mar 2020,33.53446521991969,34.233328049747534,34.34333689860736
01 Apr 2020,33.45552772832925,34.08240392919781,34.17579501487521
01 May 2020,33.12299749031527,33.655069612341954,33.85499523926369
01 Jun 2020,32.82605166437873,33.47365555517953,33.863095806389865
01 Jul 2020,33.05230606934623,33.454450031597275,33.87796056315872
01 Aug 2020,33.414097081635205,33.60926626910166,34.33321905026966
01 Sep 2020,33.19161993897746,33.46098986659337,34.42032839166846
01 Oct 2020,33.100547719295456,33.35700857242046,34.8674365720186
01 Nov 2020,33.33143268363358,33.651431906258736,34.94689350338822
01 Dec 2020,33.79660428651713,34.168113927503406,35.07522883098399
01 Jan 2021,33.686419055944725,33.980018820265705,34.94752513979242
01 Feb 2021,33.62682318503656,33.939613080308284,34.658732422021274
01 Mar 2021,33.570208732358886,34.02941083579769,34.339724342679226
01 Apr 2021,33.23852545348025,33.59175617422201,34.142699425100005
01 May 2021,32.633649394131766,33.28805281427462,33.82087453640459
01 Jun 2021,32.81689126013566,33.43628859906942,33.85380073138267
01 Jul 2021,32.987196648220205,33.585141739117944,34.19334380900912
01 Aug 2021,33.45210633316117,34.1131641835413,34.550443701193174
01 Sep 2021,33.41201882579578,34.005319772155794,34.45179355341738
01 Oct 2021,33.45054002086297,34.14145450563789,34.47423576431054
01 Nov 2021,33.6313586673905,34.28204768921705,34.47658776479523
01 Dec 2021,33.972938533883095,34.19219405172499,34.82621072290403
01 Jan 2022,33.960666725337674,34.26219463275914,34.600489230730204
01 Feb 2022,34.01874365683812,34.18466217586334,34.56263454866246
01 Mar 2022,33.86162604944901,34.11644514094907,34.62274510443446
01 Apr 2022,32.9945741526098,33.813523794867955,34.337439286084894
01 May 2022,32.49752413367779,33.31073288705147,33.99530437027024
01 Jun 2022,32.246077251012885,33.2470922489867,33.97950890994521
01 Jul 2022,32.465467258163365,33.30818019992361,34.16925879592792
01 Aug 2022,32.70499772417452,33.705997847133446,34.57820176848238
01 Sep 2022,31.64515616647359,33.81499726704357,34.46113310726665
01 Oct 2022,32.29691894695426,33.836540657474764,34.45852292930192
01 Nov 2022,32.4371233001174,33.4205569773589,34.43668974433127
01 Dec 2022,32.10733066412555,33.436628714332585,34.23017980296675
01 Jan 2023,32.005786410955665,33.44542747632225,33.93293494425942
01 Feb 2023,32.11166619659732,33.488661298244885,34.14333620977217
01 Mar 2023,31.92925182016076,33.06728391534141,34.12029240805416
01 Apr 2023,31.457610605895585,32.76125128446249,33.68995039261595
01 May 2023,31.06682979833867,32.23789076648627,33.26673329575644
01 Jun 2023,30.802743293954777,31.690959961045504,33.174420227553384
01 Jul 2023,31.078051591128492,31.921871812353636,33.20369400755476
01 Aug 2023,31.68381659901083,32.529638450303764,33.7500240594598
01 Sep 2023,31.60168477165427,32.868260683173986,33.879043553266285
01 Oct 2023,31.820738895660696,33.07692796956157,34.11057225466911
01 Nov 2023,32.672491302407494,32.970905247953034,34.21029490381004
01 Dec 2023,32.96654107286069,33.3158850167353,34.256757797899354
01 Jan 2024,32.90626927751145,33.86515297779636,34.3340139071871
01 Feb 2024,32.820043664534985,33.33843678283494,34.45028830749905
01 Mar 2024,32.71744768422751,33.24812060813647,34.37395730035513
01 Apr 2024,32.323855177841864,32.87962848387243,33.96469732939154
01 May 2024,31.747282745369198,32.19090803154112,33.41276088245975
01 Jun 2024,31.857542339185883,32.14068510606863,33.32327824223992
01 Jul 2024,32.01040136132542,32.63551417619574,33.71951034201394
01 Aug 2024,32.39276039336268,33.088724294931865,34.313537593975205
01 Sep 2024,32.21520102468491,33.08343074412983,34.27078976585914
01 Oct 2024,31.71625588503282,33.08693394667688,34.32831514385929
01 Nov 2024,31.621586230509084,33.13710345910034,34.441903663881405
01 Dec 2024,31.499567720755735,33.24592561832308,34.48498425118713
01 Jan 2025,31.786043633290543,33.37330652709623,34.61428675066446
01 Feb 2025,31.827808346137154,33.336274727629686,34.71370003232918
01 Mar 2025,31.797696640732386,33.39894630521475,34.57011803269658
01 Apr 2025,31.238455555074413,33.14008052365403,34.045901957976774
01 May 2025,30.734604180293516,32.78169680896873,33.383826673452795
01 Jun 2025,30.58847547095607,32.399941944081945,33.27721512919239
01 Jul 2025,30.691172008052458,32.704264969899036,33.45607231564061
01 Aug 2025,31.098846889287472,33.19467703092175,33.99533759942221
01 Sep 2025,31.020262240655423,33.04194562113558,33.9589082311824
01 Oct 2025,30.95557149487644,33.1680067582647,34.04230962125974
01 Nov 2025,30.871391612529408,33.3093374222545,34.20633034809218
01 Dec 2025,30.948415489059993,33.39999480587468,34.25085379144405
01 Jan 2026,31.245204885115935,33.26634578174737,34.21458120912118
01 Feb 2026,31.280685333287867,33.435780698964614,34.27691346260289
01 Mar 2026,31.143514921984647,33.343866194497274,34.19003785320008
01 Apr 2026,30.965337423245625,32.98961827691127,33.79863761911724
01 May 2026,31.09374395869631,32.61454881375425,33.462285795362014
01 Jun 2026,31.135162695474317,32.44096293266225,33.50277783602052
01 Jul 2026,31.436542972977996,32.59331376572048,33.73006450120605
01 Aug 2026,31.782142546289315,33.05952712775038,34.12460124576445
01 Sep 2026,31.462272408176773,32.974794348623504,34.14217676651525
01 Oct 2026,31.568917840426632,32.84419980818115,34.08720851086427
01 Nov 2026,31.258115804969886,32.320972311815595,34.31450672189055
01 Dec 2026,32.03263806085547,32.913061465736156,34.09523609570144
01 Jan 2027,31.875045840861176,32.44397802004886,33.82728875301671
01 Feb 2027,31.655414377194766,33.14107580490198,33.871698073426316
01 Mar 2027,31.599831429955167,33.443286243025135,33.78147411712704
01 Apr 2027,31.350438914833447,32.964208641883985,33.39940220952672
01 May 2027,30.85162997566153,32.42701305475305,33.39647748848253
01 Jun 2027,30.838196694978368,32.40473055604944,33.733959890483554
01 Jul 2027,30.995215975024603,32.478458132346034,33.84080942130559
01 Aug 2027,31.36486428906662,32.76136962374744,34.30532884173483
01 Sep 2027,31.259588834545415,32.374986424846796,34.17654476728295
01 Oct 2027,31.258746908451645,32.07883268846838,34.10274064534122
01 Nov 2027,31.352626448961196,33.01189209524271,34.052496288097785
01 Dec 2027,32.420138398084255,33.38781897390167,33.9590324737929
01 Jan 2028,32.357034514491275,33.02686832194523,34.02612747619098
01 Feb 2028,32.270965790846624,33.32096370570915,34.17293270345131
01 Mar 2028,32.80620951715977,33.429038196629094,34.020624615901866
01 Apr 2028,32.281108737113804,32.95299518745267,33.57305705525985
01 May 2028,31.824428344082193,32.71898922610801,33.18002032211403
01 Jun 2028,31.76091022318926,32.43603709970118,32.977110346856016
01 Jul 2028,31.94436417975707,32.66276601419442,33.1575727486545
01 Aug 2028,32.47412549304485,33.18368777279116,33.547600446963436
01 Sep 2028,32.4387740193862,33.45296696040701,33.56168871077807
01 Oct 2028,32.76197313036922,33.60530924036715,33.69405227236231
01 Nov 2028,32.39589630430375,33.493920917464514,33.69339124507194
01 Dec 2028,32.50106173084635,33.37647154787059,33.900485949364935
01 Jan 2029,32.487394788005524,33.2099442409745,34.05304915070942
01 Feb 2029,32.61229310053547,33.55280250475509,33.99440673967321
01 Mar 2029,32.537809283971676,33.11691432414835,33.837368055241654
01 Apr 2029,32.2372215019001,33.00263539827611,33.54138283189793
01 May 2029,31.814799210662184,32.626514348230934,33.288010910703804
01 Jun 2029,31.68782403490248,32.3669864559772,33.25781288619981
01 Jul 2029,31.88799066301466,32.43536013617852,33.44349337422539
01 Aug 2029,32.489499788918735,32.9510365519599,34.03087959856444
01 Sep 2029,32.49687214160752,32.96471989017245,34.008794852052105
01 Oct 2029,32.57624657592546,32.87889432502735,33.98762143301997
01 Nov 2029,32.877961051770534,33.2770527933975,33.77362553331066
01 Dec 2029,33.117810524957086,33.6559960660109,34.074031860903816
01 Jan 2030,33.000425231065094,33.5570086820122,34.11365018063234
01 Feb 2030,33.08147557650858,33.56933133540541,34.26825011480895
01 Mar 2030,32.82006838220975,33.487532386928144,34.242637057467576
01 Apr 2030,32.40609146227031,32.88948499222393,33.71821439809904
01 May 2030,31.90096854749439,32.73091850639787,33.15973465162162
01 Jun 2030,31.732735029761788,32.92245063388143,32.98719843685336
01 Jul 2030,31.863611484539316,32.929430106744014,33.526850049025725
01 Aug 2030,32.307907667722866,33.32467631411046,33.941212128839375
01 Sep 2030,32.28528104652652,33.16023523442758,33.88210551590012
01 Oct 2030,32.315067969109634,33.14000945023571,33.98055338533074
01 Nov 2030,32.38733018484926,33.272977988683174,34.05669967279605
01 Dec 2030,32.443619391967154,33.330072604879696,34.150466534151384
01 Jan 2031,32.447231680000804,33.389686830769215,34.255347290779945
01 Feb 2031,32.5800992260724,33.57734840008511,34.42562107500137
01 Mar 2031,31.918285389920875,33.68227605908291,34.345613941520945
01 Apr 2031,31.452684506874245,33.351748983654765,33.85082446150516
01 May 2031,30.95846203472217,33.10126122858903,33.436813886661106
01 Jun 2031,30.86723412085302,33.08715878946615,33.47950425051015
01 Jul 2031,31.067034208085417,32.829343160322914,33.65797269056939
01 Aug 2031,31.524852426289662,33.27012175397469,34.3959788578065
01 Sep 2031,31.46329315217121,33.29507263840908,34.448583724439644
01 Oct 2031,31.623395659514948,33.50783986679252,34.32877014135139
01 Nov 2031,32.500249623471056,33.50298239680055,34.14276501966703
01 Dec 2031,33.017505117581074,33.48698453747432,34.24139391604321
01 Jan 2032,33.27115380526425,33.38285907576559,34.2195492623392
01 Feb 2032,33.290027865785824,33.33289608569415,34.175372128963225
01 Mar 2032,32.93423394961246,33.21702253860986,33.89892841822332
01 Apr 2032,32.53726718427453,32.84466464473069,33.578175105853305
01 May 2032,31.9857416577525,32.62982100187506,33.12145888074426
01 Jun 2032,31.112784340865574,32.50724708577803,32.82810503113242
01 Jul 2032,30.20404147323462,32.711087528628504,33.057753290213675
01 Aug 2032,31.326553002011302,33.31103036638766,33.62063963900528
01 Sep 2032,31.486062395143247,33.014375026718284,33.4077455203709
01 Oct 2032,32.24436473254478,32.767558330550315,33.373824883833436
01 Nov 2032,32.66237702241458,33.202877286295234,33.80253269071145
01 Dec 2032,33.00625712313203,33.26210678908756,33.75870509750623
01 Jan 2033,32.70089949900815,33.70502537129837,33.86789339607101
01 Feb 2033,33.53627070449957,33.94118539185677,34.12686639030172
01 Mar 2033,33.541718261212914,33.733974917118,34.42795276772324
01 Apr 2033,32.75018623914419,33.28836550366809,34.001830547745975
01 May 2033,32.44155232930707,32.88478372718516,33.59696732526794
01 Jun 2033,32.351964444849926,32.85379702353206,33.45743100114502
01 Jul 2033,32.71947909636733,33.013038670243155,33.76888993524206
01 Aug 2033,33.02528674983163,33.47949385261842,34.355852632171306
01 Sep 2033,32.99883708817048,33.50064525200969,34.3420250395977
01 Oct 2033,32.79117643976883,33.568251513345345,34.391102817715904
01 Nov 2033,32.463610376087956,33.69044858162517,34.49043860716604
01 Dec 2033,32.91809730374283,34.060549064632966,34.5788365740945
01 Jan 2034,33.31841974586656,34.32596472683013,34.567381147964106
01 Feb 2034,34.05600257087374,34.54751871924136,34.7305078250866
01 Mar 2034,33.73471511182865,34.59241897878274,34.76966234984723
01 Apr 2034,33.16352471003884,34.15296497661198,34.45633869479994
01 May 2034,32.75634748543577,33.8760657447106,34.09654032971742
01 Jun 2034,32.719539701852476,33.7981973594853,33.90403122794614
01 Jul 2034,33.00822988298731,33.97714925553292,34.23053511090965
01 Aug 2034,33.34699189103796,34.41751851191738,34.62751022816584
01 Sep 2034,33.46195664085585,34.235750611056254,34.59681285864328
01 Oct 2034,33.426297289466106,34.201547755963254,34.72056218529398
01 Nov 2034,33.412034289016944,34.124585550451926,34.76193735130286
01 Dec 2034,33.351971331170915,34.23649119715364,34.64298454819801
01 Jan 2035,33.35261603315151,33.990815311621574,34.57940837471492
01 Feb 2035,33.49687903358936,33.9119528346674,34.64199777804684
01 Mar 2035,33.461808500188525,33.84834473914881,34.75835234657146
01 Apr 2035,33.06327042658993,33.52004119274175,34.48567751271012
01 May 2035,32.67417803862753,33.1566330073226,33.72715641673248
01 Jun 2035,32.67711905543983,33.2696792738783,33.4067440711209
01 Jul 2035,32.876769697669566,33.45608744742835,33.702888981254596
01 Aug 2035,33.36723075662822,33.9530584575659,34.200081912763096
01 Sep 2035,33.73749583725081,33.88712494302999,34.14889340628959
01 Oct 2035,33.78618059240628,33.849905168647986,34.37659819334114
01 Nov 2035,33.71279560757323,33.917103097730646,34.57262945870643
01 Dec 2035,33.89997011896632,34.2110110617056,34.75423909723371
01 Jan 2036,33.69062622986645,34.36160336636291,34.711399013494
01 Feb 2036,34.059408780342004,34.42255244824507,34.8278807942028
01 Mar 2036,33.73400109869755,34.40386065524554,34.96103830958368
01 Apr 2036,33.387223289145425,33.7272736806397,34.70345624155699
01 May 2036,32.77578431400225,33.190563518564964,34.339581993440945
01 Jun 2036,32.6773863803356,33.08763684598217,34.63023001845847
01 Jul 2036,32.76164092263506,33.10712079814514,34.94639631921771
01 Aug 2036,33.21463716191642,33.42113437125123,35.36911310433814
01 Sep 2036,33.17669052775239,33.38635809046976,35.318761108360114
01 Oct 2036,32.89464458407819,33.48265918361108,35.281764923913016
01 Nov 2036,33.06896444486554,33.76711052402175,34.763278485145435
01 Dec 2036,33.13979738923567,33.726268009448695,34.70880239865087
01 Jan 2037,33.335104250234444,33.37931668865397,35.128852399484394
01 Feb 2037,33.04823068683902,33.8012032462264,35.43206027662982
01 Mar 2037,32.9248196166818,33.369643131376236,35.381065870554245
01 Apr 2037,32.7092792335317,33.32966885599525,35.007299998677375
01 May 2037,31.980932048536726,32.82398768561653,34.56093374822363
01 Jun 2037,31.54919799816297,32.647536060057135,34.583267336621084
01 Jul 2037,31.695356624098174,32.738627992027766,34.547210359298475
01 Aug 2037,32.10821019716493,33.17464706982844,33.624677835056474
01 Sep 2037,32.05824725993215,33.06408469420185,33.65029607576724
01 Oct 2037,32.08145900205101,32.68690892344502,34.45338156937577
01 Nov 2037,32.28355306187028,32.796357154948446,34.519942339448356
01 Dec 2037,32.2938362635517,33.081408817216065,34.58313716799217
01 Jan 2038,31.72621081588139,33.46371703453122,34.609636222247985
01 Feb 2038,31.743220056402414,33.50016413604125,34.86744743608952
01 Mar 2038,31.71882274321012,33.37161082363917,34.80506480685104
01 Apr 2038,31.890058053847305,32.35928465694644,34.47948089954776
01 May 2038,31.48243283411279,32.25597790648991,34.12446358658776
01 Jun 2038,31.451493926119483,32.217451451534565,34.1948603539488
01 Jul 2038,31.602189507621432,32.45058505549172,34.63736514981202
01 Aug 2038,31.941790673937998,33.029168743263455,34.86928577887518
01 Sep 2038,31.720717669976803,33.07645496912416,34.566979352009945
01 Oct 2038,31.670124484746555,33.21209181950031,34.22909364435807
01 Nov 2038,31.829177200392152,32.75604083224846,34.54226840151143
01 Dec 2038,32.25010456642169,32.91047184868744,34.401819224860574
01 Jan 2039,32.44871953361287,32.80265655080368,34.29316923477732
01 Feb 2039,32.4239209356619,33.072667795814155,34.49405319162013
01 Mar 2039,32.9016040550926,33.63979725107553,34.69358411055821
01 Apr 2039,32.84871752748146,33.404572356508204,34.46890667649447
01 May 2039,32.55526867411453,32.76552350377724,33.998442167787914
01 Jun 2039,32.48680168182423,32.62554232673186,33.96213622691892
01 Jul 2039,32.334046450786055,32.980627645341144,34.18088893461431
01 Aug 2039,32.77740716375819,33.53872808257686,34.61193169113293
01 Sep 2039,32.7287563645702,33.56211885544393,34.64105776810619
01 Oct 2039,32.69739272566656,33.477097944114284,34.590099424316804
01 Nov 2039,32.59942077259642,33.55473695789128,34.612143288396744
01 Dec 2039,32.56519119437069,34.365179421148994,34.73097942031681
01 Jan 2040,32.893104772802936,33.94617043838318,34.64741154157304
01 Feb 2040,32.57959046041738,34.29820825107279,34.668291524398214
01 Mar 2040,32.275825692439646,34.2033348998422,34.41351970774878
01 Apr 2040,32.003886121976194,33.561750188556985,33.76230595119751
01 May 2040,31.700961448052027,33.025235746488136,33.20738629267836
01 Jun 2040,31.9393246320912,32.85936048895274,33.15846553677578
01 Jul 2040,31.37209977255161,32.8358225887179,33.629150667916086
01 Aug 2040,31.794433472538675,33.12024561340598,34.28708680192655
01 Sep 2040,31.637126829060534,32.84390493971198,34.157173215298165
01 Oct 2040,32.040127826020395,32.85477153780748,34.150543055382784
01 Nov 2040,31.839136291370373,33.51709870771618,34.21624506349551
01 Dec 2040,32.34974841057767,33.880403025978794,34.4878883950609
01 Jan 2041,32.50362612244026,33.80252232647566,34.587279022776244
01 Feb 2041,33.04434355516585,33.743763237076756,35.15807987920778
01 Mar 2041,32.88368316560919,34.37328865485073,35.24404304074674
01 Apr 2041,32.52479717272399,33.4204598622914,34.96562600265909
01 May 2041,32.388424274005835,32.99955395968582,34.57707012819757
01 Jun 2041,32.24755849453874,32.449570985390835,34.47986477627959
01 Jul 2041,32.437914558363524,32.545919582960515,34.6777239601235
01 Aug 2041,32.776821081540355,33.195648743114894,35.255154311579794
01 Sep 2041,32.706097263890754,32.979843102848335,35.18116532977591
01 Oct 2041,32.628229626152255,33.28375351579354,35.24975232543959
01 Nov 2041,32.37078092476951,33.72922409947354,35.45821086169989
01 Dec 2041,32.189361453253554,33.722501227753675,35.43150284034638
01 Jan 2042,32.150346155742504,33.336514453851116,35.37227606959036
01 Feb 2042,32.320091700718926,33.80413681232477,35.40290654882515
01 Mar 2042,32.22264145428728,33.74540675231906,35.20809726194298
01 Apr 2042,32.17796052144529,33.162372829193124,34.889969895860055
01 May 2042,32.02549147385424,32.86047251131646,34.5499311762055
01 Jun 2042,32.32325069768423,32.92283684003393,34.42973093509742
01 Jul 2042,32.01289070377714,33.15990467210278,34.65882050536938
01 Aug 2042,32.3299488364372,33.56739706737195,35.10913156993186
01 Sep 2042,32.2767467762891,33.79347640843628,35.1143078356935
01 Oct 2042,32.28030070951628,33.82976215259123,35.11252783426188
01 Nov 2042,33.14612048371222,33.94555360345788,35.16632591777729
01 Dec 2042,32.736164572988365,34.13025571024992,35.065824928465524
01 Jan 2043,32.247606328458794,34.329424915127866,35.042353705196255
01 Feb 2043,32.32376394216487,34.35705856671465,34.70150436739113
01 Mar 2043,32.234048069054076,34.260934044023045,34.66851196103638
01 Apr 2043,31.787779244208952,33.9004158067823,34.35273976845237
01 May 2043,31.400249308265128,33.5222666208811,34.004075114431124
01 Jun 2043,31.324238890015742,33.587385017512524,34.07828859202381
01 Jul 2043,31.482483266265135,33.779908695238085,34.323864547499575
01 Aug 2043,32.10229127791551,34.36795909617075,34.77598846457255
01 Sep 2043,31.863514076599987,34.44508298882256,34.79705562473338
01 Oct 2043,31.894896605310795,34.352193825048545,34.935514861391916
01 Nov 2043,31.965333589705537,34.42242244424472,35.3034575783322
01 Dec 2043,32.131417470660345,34.36132900456286,35.29332629646869
01 Jan 2044,32.1965764909768,34.2855979803332,35.1805635237083
01 Feb 2044,33.0873664336257,34.370076896961876,35.2556566807786
01 Mar 2044,33.512442172314366,34.462333237173006,35.08322864902929
01 Apr 2044,33.193923532714734,34.11219913223831,34.76824203107469
01 May 2044,32.543278064919,33.576136901149226,34.45593200480539
01 Jun 2044,32.52760694366634,33.413095257820174,34.33917458695581
01 Jul 2044,32.64644656943583,33.38522402810387,33.87953485827817
01 Aug 2044,33.101008637663185,33.399549128009824,34.045407233371016
01 Sep 2044,33.13147384846101,33.51078163474103,34.33938494881584
01 Oct 2044,33.155580723789306,33.27129488250466,34.274488183100715
01 Nov 2044,33.27787750340519,34.03724401127058,34.90594880573771
01 Dec 2044,33.486592045428395,34.10320563057962,34.44077437279529
01 Jan 2045,33.40520059385031,34.2842998025233,34.99985764047389
01 Feb 2045,33.36334166913828,34.61959907977148,34.97693755791479
01 Mar 2045,33.169236011368795,34.56333470791481,34.675731504223556
01 Apr 2045,32.68037226074161,33.908836830573115,34.36650741884125
01 May 2045,32.08012978053913,33.497397365399166,33.74939811335956
01 Jun 2045,31.99832934669013,33.203376983821336,34.25163757813196
01 Jul 2045,31.9702883191718,33.34423843487276,34.36960842130409
01 Aug 2045,32.17931112111075,33.7927411484215,34.32882743420761
01 Sep 2045,31.998033624181712,33.755183053426364,34.10275497154336
01 Oct 2045,32.65457769549312,33.8406356831012,34.9078613797238
01 Nov 2045,33.73055340742876,33.911270306461915,35.06835725924593
01 Dec 2045,33.76853462078987,34.00341725991016,34.99615910051637
01 Jan 2046,33.63775709856644,33.95839725543936,34.935624798013244
01 Feb 2046,33.55118359626481,34.40343909505782,35.12651016810125
01 Mar 2046,33.25200916439244,34.55175080009323,35.12685396502497
01 Apr 2046,32.96830350749512,34.21696001880103,34.752195145687125
01 May 2046,32.33687139066948,33.7167214115165,34.14356925573403
01 Jun 2046,32.24583028226736,33.54594306658765,33.95574739695216
01 Jul 2046,32.461891774690194,33.69542900739492,34.123930822352214
01 Aug 2046,33.098474488676544,33.748803938698074,34.478369673035985
01 Sep 2046,32.562156316747206,33.590535474858264,34.395453721864314
01 Oct 2046,33.72003028016332,33.85521531942149,34.30408860657083
01 Nov 2046,34.00854358586196,34.34225039400829,34.9759490182851
01 Dec 2046,34.05347360580549,34.4301579070605,35.093410154342216
01 Jan 2047,33.90685412994752,34.4290010498228,35.09797405841531
01 Feb 2047,33.56974824128777,34.564875538476315,35.17887796984339
01 Mar 2047,33.16014109825432,34.50753928859695,34.99578761624847
01 Apr 2047,32.42799579372032,34.161135535280714,34.82155373014463
01 May 2047,31.97443374125408,33.66389980821586,34.4679166091761
01 Jun 2047,31.996559038056805,33.77629761214473,34.43445327612803
01 Jul 2047,32.345854347295074,33.688466293221815,34.50230545552273
01 Aug 2047,32.61742949395191,33.919758107492186,34.64853624558537
01 Sep 2047,32.00166569691969,33.180681821840835,34.46146668727938
01 Oct 2047,31.89311796025729,34.39430463137599,34.94369978669085
01 Nov 2047,32.88067243320282,34.406270097376385,35.20747920701785
01 Dec 2047,33.83595929521281,34.824586653085966,35.165764306151544
01 Jan 2048,33.96662237768579,34.83177208978021,35.04701793099567
01 Feb 2048,34.06970906978291,34.85374319197339,35.211297091793966
01 Mar 2048,34.05870123517877,34.80865404499929,34.98740199404018
01 Apr 2048,33.64521537093379,34.226489320821834,34.36330112930765
01 May 2048,33.39092566986487,33.91417783331872,33.99778600751656
01 Jun 2048,33.532980695617226,33.835402684386054,34.273902359009
01 Jul 2048,33.505936874419135,33.91603449005748,34.40378306783198
01 Aug 2048,33.8721915041036,34.29306080791198,34.9152951285972
01 Sep 2048,33.79675457851516,34.38554524735722,35.01385573833454
01 Oct 2048,33.48164740402268,34.47662259837121,35.201975765664834
01 Nov 2048,33.26081450198571,34.422798076548744,35.216794277539265
01 Dec 2048,33.33007329419868,34.57465430509524,35.221309228689414
01 Jan 2049,34.342114327249554,34.57222955772802,35.18319204556983
01 Feb 2049,34.334758188152634,34.517082397389174,35.317378711836376
01 Mar 2049,33.53337320370435,34.53592388648,35.31065874844473
01 Apr 2049,32.91176526440146,34.150830583296525,34.87286967997845
01 May 2049,31.94662616933271,33.567241190442964,34.62013164090102
01 Jun 2049,31.47523712538505,32.93876480843466,34.47766374154106
01 Jul 2049,30.99783014134863,32.990811665057926,34.547249328030425
01 Aug 2049,31.24739115860975,33.082763992850694,34.974935135283424
01 Sep 2049,31.250385650141016,33.09076401529514,35.09503539635947
01 Oct 2049,31.32542585143118,33.292422292330734,35.03652612063313
01 Nov 2049,31.55680921305966,33.897512517112425,35.04099320572542
01 Dec 2049,31.55482040682337,34.12884182382519,34.66367855020377
01 Jan 2050,33.36117653892119,34.129295553933616,34.35601242100003
01 Feb 2050,33.67501369795601,34.282499214840165,35.07006896733312
01 Mar 2050,33.92100424750093,34.344213855198085,34.545250511266374
01 Apr 2050,33.0661936780721,33.91284894683554,34.29244447628332
01 May 2050,31.41661166985983,33.411183404574615,33.760667373948976
01 Jun 2050,31.241338160373722,33.02326726481774,33.46979108676332
01 Jul 2050,31.735390220625312,33.03403580452633,33.817100670870325
01 Aug 2050,32.66834826299746,33.233675820097716,34.249471316229005
01 Sep 2050,32.613389550858365,33.30845026412729,34.043657885334994
01 Oct 2050,32.763171107275596,33.459091391958566,34.305745345637234
01 Nov 2050,33.04937941232793,33.61558316880324,34.399467914515554
01 Dec 2050,33.02354565877061,33.63455626992503,34.439101853324736
01 Jan 2051,32.90737769890215,33.69584162045464,34.64115774690943
01 Feb 2051,33.266413190294244,34.04509394509767,34.991363158881036
01 Mar 2051,33.22303374249371,33.909720574573505,34.73941035866898
01 Apr 2051,32.79874684450654,33.550539504612594,34.10316544394771
01 May 2051,32.53768251306984,33.291192284239365,33.6335838555047
01 Jun 2051,32.565687504592184,33.143962979918,33.45236637634786
01 Jul 2051,32.53430780951453,33.24190750056311,33.62259574727748
01 Aug 2051,32.6985129623079,33.749137998475426,33.91779965398821
01 Sep 2051,32.340196940476176,33.72960828110965,34.03331523984795
01 Oct 2051,32.63392173085924,33.764503989795394,33.96820698090272
01 Nov 2051,32.99529674667263,33.80320999451182,34.01514897549027
01 Dec 2051,33.220514633621846,33.67754599615554,34.07991704099544
01 Jan 2052,33.77071801516122,34.10007104223128,34.20408176977947
01 Feb 2052,34.05694524854598,34.28109286154828,34.507727883926435
01 Mar 2052,33.630401359303356,33.94970394901843,34.404107973395455
01 Apr 2052,33.20806475723609,33.55530659304921,34.276116057893276
01 May 2052,32.66030033510993,33.32657140207717,34.03347886266668
01 Jun 2052,31.911324662697456,33.1046688090543,34.09195017793949
01 Jul 2052,32.34907619653374,32.94420336487035,34.43272971315553
01 Aug 2052,33.17031465234957,33.49927054184988,34.62977027926249
01 Sep 2052,33.328506389178294,33.572649063761524,34.57458726197456
01 Oct 2052,32.984629270991,33.600418451082,34.62251880420397
01 Nov 2052,33.02699447527436,33.49139697974743,34.604984975257274
01 Dec 2052,32.749086770990665,34.32742824995885,34.64716847684717
01 Jan 2053,32.496200342797096,34.07777589898493,34.59676525243749
01 Feb 2053,32.40460310639471,34.15541264008706,34.666886247333856
01 Mar 2053,31.864647616235334,33.97078523975669,34.78739919160016
01 Apr 2053,31.661142622420215,33.77600631406416,34.53361606013789
01 May 2053,32.18657587839573,33.20905055205114,34.194157107958965
01 Jun 2053,32.11228523263716,32.98589770760734,34.230903596050354
01 Jul 2053,32.33005490864,33.156417881483094,34.75042240710204
01 Aug 2053,32.83465532417216,33.008536621259104,35.08859696492912
01 Sep 2053,32.54568133477466,32.92230181312962,34.66939746848161
01 Oct 2053,32.72827064152383,33.80187383338556,34.68022396057038
01 Nov 2053,32.88077341651427,33.43812540123054,34.5564115705445
01 Dec 2053,32.99141385823653,33.473265622872034,34.65445068750072
01 Jan 2054,33.31564814667145,33.75688833445507,34.78335616540948
01 Feb 2054,33.94644113318054,34.59059149875675,34.84600971926885
01 Mar 2054,33.21164011959161,34.52635583901348,34.663831425084
01 Apr 2054,32.903333483865,34.007813167045825,34.31872984183485
01 May 2054,32.61940113077596,33.418216497769215,33.84594294857712
01 Jun 2054,31.95778121838613,33.23641944893681,33.83975010420403
01 Jul 2054,32.17417580201555,33.38093661097254,33.99998162401137
01 Aug 2054,32.673246447805106,33.84942888594618,34.29518027247999
01 Sep 2054,32.64463883931805,33.80507311969047,34.30668814914013
01 Oct 2054,32.47644270131044,33.818937978789116,34.30431570417392
01 Nov 2054,32.39040491689416,33.574340694986525,34.27510884637293
01 Dec 2054,32.893476590971716,33.573854460585295,34.68293319932775
01 Jan 2055,33.086415494691266,33.91783031330395,34.58313215953746
01 Feb 2055,32.3257094949018,34.114464195686786,34.564012908286074
01 Mar 2055,32.109855561671694,33.71109471279722,34.47955961189029
01 Apr 2055,31.956108936460794,33.325438658806284,34.24062880120406
01 May 2055,31.88267578837632,32.52243337873449,33.92005944461638
01 Jun 2055,31.53528413177101,32.46075949845437,34.04105912039038
01 Jul 2055,31.904323726142177,32.667449702867586,34.394902104942894
01 Aug 2055,32.39232099150582,32.98181910328714,34.65493823688803
01 Sep 2055,32.15728246259989,32.62472519081468,34.64559390468244
01 Oct 2055,31.888274716144675,32.54194448331188,34.55134976428513
01 Nov 2055,31.920025058461132,32.70595577628613,34.517426985716526
01 Dec 2055,31.77912921636505,32.76293894696139,34.67068431483309
01 Jan 2056,32.24979396677242,33.14182859291453,34.80013198639877
01 Feb 2056,32.59819809861705,33.47903955843926,34.97110244346492
01 Mar 2056,32.668710170413654,33.290149856102616,34.88532525813449
01 Apr 2056,32.24984163646627,33.25598328472219,34.50192559087695
01 May 2056,31.568617293209176,32.8253415236881,34.12495169620111
01 Jun 2056,31.448101776503343,32.6906575175892,34.26371498319894
01 Jul 2056,31.53375676302758,32.63378869903685,34.773550647587975
01 Aug 2056,31.688663652213343,32.833033600151836,35.21004457279238
01 Sep 2056,31.36514964114103,32.30068080987842,35.06459435248728
01 Oct 2056,30.756783252526763,32.71199197494491,35.001943873811655
01 Nov 2056,30.324574529219504,32.633169903729815,34.672430783548286
01 Dec 2056,30.302299777980174,33.429868569393875,34.62498416774492
01 Jan 2057,31.623761934836406,33.856127044578756,34.73513609973428
01 Feb 2057,32.029730940315325,33.83714713202999,34.92890998593486
01 Mar 2057,31.356060714065837,33.89031948972244,34.890546647991414
01 Apr 2057,31.425308107465618,33.25377396235313,34.556143430192485
01 May 2057,30.767417625729124,32.70735670532931,34.255008890476375
01 Jun 2057,30.504093568484507,32.69856796195569,34.35287980716458
01 Jul 2057,30.670859249003012,32.703223816134674,34.657753738551385
01 Aug 2057,31.057206359372405,32.96354754858555,34.84579052818729
01 Sep 2057,30.914667872453776,32.78119259505061,34.66780555781766
01 Oct 2057,30.858754121738137,32.80706113280223,34.68595632023296
01 Nov 2057,31.02080992109748,32.779530476329946,34.98264129850043
01 Dec 2057,30.999784333212574,32.83804174498874,34.87551916652925
01 Jan 2058,32.9289835228719,33.072684871149164,34.33132645749532
01 Feb 2058,33.458628014108854,33.80826330226345,34.47163586019664
01 Mar 2058,32.99938463455817,33.71780620722733,34.36417191339992
01 Apr 2058,32.264925640249224,33.17436576940053,34.58622959213385
01 May 2058,31.72512509674953,32.53534712199707,34.23136528805242
01 Jun 2058,31.57407061317836,32.374716604790194,34.042502455610546
01 Jul 2058,31.8684036219643,32.84720573408481,34.147236382143774
01 Aug 2058,32.37698381230023,33.46810173778323,34.29944073807981
01 Sep 2058,31.813032819314895,33.48537964828076,34.459583491219426
01 Oct 2058,31.006192420362822,33.3215471508784,34.77434653064041
01 Nov 2058,31.566241141403296,33.11123979797818,34.876975309318276
01 Dec 2058,32.351971911922405,33.999708733809925,34.947767625359894
01 Jan 2059,32.89141198987773,33.861959988150296,34.98690110505101
01 Feb 2059,33.062509969717155,34.06435785894719,35.194573449628315
01 Mar 2059,32.59615984892442,34.19862445755288,35.119794403785185
01 Apr 2059,31.773217062224948,33.902831709637844,34.668742517673074
01 May 2059,31.07586568954684,33.636384758999725,34.59271893823015
01 Jun 2059,31.00980202352341,33.782829508700395,34.48680325273799
01 Jul 2059,31.162190828990482,33.93106629113678,34.669167752208814
01 Aug 2059,31.60389240898109,34.272442396402425,35.17956540748644
01 Sep 2059,31.557545859084694,34.18362765091738,34.82702449502371
01 Oct 2059,31.61145895286556,34.361184523678716,34.97333507049044
01 Nov 2059,31.6727298252695,34.30144446352774,35.36695694535094
01 Dec 2059,31.930734496716592,34.27039815952583,35.20681683814007
01 Jan 2060,32.70354587622935,34.51181111745067,35.12628325292453
01 Feb 2060,33.037666649086376,34.691983847552436,35.25906405849393
01 Mar 2060,32.8165002947567,34.68057679662353,35.23715401626407
01 Apr 2060,32.58427436349638,34.38947017238412,34.813718587912824
01 May 2060,32.206688279642684,33.97818930109524,34.416755160078104
01 Jun 2060,32.26372963425438,33.41735429482887,34.373639804709235
01 Jul 2060,32.66690523956094,34.04933297108284,34.54321708335815
01 Aug 2060,32.73093655890864,33.88446149687982,34.85011870954175
01 Sep 2060,32.30323613922841,33.009467354973275,34.86376427451375
01 Oct 2060,32.57800020685975,32.65295356294178,34.93793709015976
01 Nov 2060,32.26338895446364,34.233021118452015,35.08360377612801
01 Dec 2060,32.902565550723686,34.38879828160409,35.33076033175701
01 Jan 2061,33.779195112005844,34.444326122420875,35.28757134735434
01 Feb 2061,33.98793217766038,34.654357703355224,35.445315166867395
01 Mar 2061,33.9013540963919,34.237339331126044,35.21336720291835
01 Apr 2061,33.363126598286314,33.6425636197893,34.802676334991475
01 May 2061,32.909757349433484,33.29323008669562,34.42425908921617
01 Jun 2061,32.5718793545614,33.34512765451286,34.35045457565723
01 Jul 2061,32.62865986858612,34.056034103789095,34.589683984934126
01 Aug 2061,32.71891248200947,34.48139911539809,34.99119964661527
01 Sep 2061,32.608048510056086,33.64127956594495,34.90330396820421
01 Oct 2061,33.23239576639962,33.45337021672756,34.879639680262784
01 Nov 2061,33.02828400965596,33.548623898445435,34.91718472211261
01 Dec 2061,32.80975006321618,34.305106082013346,34.82073619251293
01 Jan 2062,33.149561791987395,34.23115832523359,35.110289279954294
01 Feb 2062,32.93849735735317,34.58221391649771,35.153974368097074
01 Mar 2062,32.87084682495364,34.84160891821168,35.089319624910246
01 Apr 2062,32.284904427932794,34.53558643280337,34.71947196510032
01 May 2062,31.871118291527996,34.20648682483026,34.38708954868048
01 Jun 2062,31.67642838477543,34.14390468791677,34.29941808698789
01 Jul 2062,31.488783477802137,33.61710837330309,34.84231171413276
01 Aug 2062,32.15817892328479,33.006395309367505,35.24715425018583
01 Sep 2062,31.877661839984835,32.7006355381093,34.83584088542841
01 Oct 2062,31.404165425067024,33.002567100047656,34.71046974165755
01 Nov 2062,31.91493687021185,33.40699929803761,34.77295721244261
01 Dec 2062,32.7748697246084,33.291796514058106,34.845315410312324
01 Jan 2063,33.41128780385496,33.655746032251244,35.161150113443654
01 Feb 2063,33.67320384765727,34.51961767553835,35.428714651238636
01 Mar 2063,33.632340639745145,34.36936507940142,35.40792155758562
01 Apr 2063,33.261643624631496,34.199080387832154,35.02987906673156
01 May 2063,32.80447229507828,33.343575026788436,34.546457184077084
01 Jun 2063,32.336973460447446,32.99447492137218,34.57455262444749
01 Jul 2063,32.34790525366585,33.00095128298538,34.81315933894858
01 Aug 2063,32.6437817944655,33.3159609140787,35.22514193119392
01 Sep 2063,32.495806769208855,32.85605839458467,35.07133271645351
01 Oct 2063,32.39911146597084,33.335703640703684,35.091469095628746
01 Nov 2063,32.142897795617344,32.99959553937696,34.67961845272384
01 Dec 2063,32.120944468278836,33.52977906109946,34.786302135548205
01 Jan 2064,32.97775401072133,34.06700027572328,35.02273921188327
01 Feb 2064,33.727858329555566,34.038566476503895,35.12915848820885
01 Mar 2064,33.33204758495655,33.88907565249782,35.09187971837488
01 Apr 2064,31.9388151568982,33.09218334215432,34.69779587518207
01 May 2064,31.25214854508891,32.57033421389994,34.367916995237856
01 Jun 2064,31.070016617377515,32.25043554348412,34.28556753234122
01 Jul 2064,31.32626897966849,32.31710977379564,34.54688178129816
01 Aug 2064,31.647894525271262,33.02390433597451,34.74691760532406
01 Sep 2064,32.33399202740307,32.92340353374795,34.77842014078351
01 Oct 2064,32.69203370379997,33.45293632521628,34.73608687255195
01 Nov 2064,32.95665543009648,34.056078015504355,34.55606951410579
01 Dec 2064,33.1248777586264,34.47124886413244,34.69176733764384
01 Jan 2065,32.943695282041766,34.4286463764051,34.81642291605481
01 Feb 2065,33.34489010433734,34.44580206853796,34.99941755428058
01 Mar 2065,33.01342109767758,34.33160159815453,34.9049019243931
01 Apr 2065,32.532111083711186,33.60602826324165,34.516124008225695
01 May 2065,32.17141307967536,33.573139787165694,34.191060174246324
01 Jun 2065,32.03544604384499,32.91799204909403,34.25272678375663
01 Jul 2065,32.11613720303317,32.98508838508107,34.368277703479826
01 Aug 2065,32.42958111035152,33.58197440373032,34.84228508588499
01 Sep 2065,32.31389273118161,33.80516419339431,34.76600175290017
01 Oct 2065,32.22205157885706,33.98599197992679,34.89301882509816
01 Nov 2065,32.697626030750975,34.17623450509938,34.81957679407806
01 Dec 2065,33.632725686645124,34.058569613794276,34.76944732462826
01 Jan 2066,33.62352128963656,34.093615663213306,34.78482803775972
01 Feb 2066,33.75015191425862,34.21551115258873,35.133975421509774
01 Mar 2066,33.90553479080439,34.089497866823855,35.15044929238321
01 Apr 2066,33.544707556960965,33.806061849193284,34.89524833063604
01 May 2066,33.01260900728153,33.33462051520796,34.33759254356581
01 Jun 2066,32.852206093550805,33.20003818439115,34.49854945807713
01 Jul 2066,32.84292504119625,33.67232605722997,34.70327793423831
01 Aug 2066,32.8626705735697,34.364316741830216,35.06610816915976
01 Sep 2066,31.977002742894335,34.07518729017747,34.71174268115501
01 Oct 2066,32.29939145499348,34.11627538286251,34.695409574356994
01 Nov 2066,31.967918068264886,33.8687011734247,34.68127985996092
01 Dec 2066,32.34339813378746,34.25216737821377,34.960081083918965
01 Jan 2067,33.86441482078456,34.58992428000014,35.068113463475484
01 Feb 2067,34.15432898318597,34.59293764446047,35.208960514722875
01 Mar 2067,34.00658543710069,34.49083663075995,35.099543794957526
01 Apr 2067,33.67067883417606,34.14152378658304,34.54511720004152
01 May 2067,33.23477316417813,33.649419441635885,33.96418597014702
01 Jun 2067,32.98936464451227,33.41860294353633,33.67443294622827
01 Jul 2067,33.00449529427662,33.5613871494578,33.73507411730841
01 Aug 2067,33.097366441733236,33.79548966785226,34.23131288062661
01 Sep 2067,32.5868983926235,33.57810903145532,34.260626204779264
01 Oct 2067,32.216703591769146,33.44127606728416,34.41135254864714
01 Nov 2067,32.15377876474317,33.9661770089069,34.53349374483171
01 Dec 2067,32.25150399739716,34.16601414678272,34.75082934899631
01 Jan 2068,31.660490145232234,34.17153600042139,34.87135080317928
01 Feb 2068,31.737030364780807,34.83653749261697,34.915350778491145
01 Mar 2068,32.37802516054763,34.61277867849194,34.907184215730105
01 Apr 2068,31.669967439543253,34.04617717469721,34.71033222326118
01 May 2068,31.221011917991945,33.428277740581784,34.29484309919088
01 Jun 2068,31.489328068272815,33.451427419383556,34.319649407723276
01 Jul 2068,31.43138595325425,33.55519222852595,33.9393978887988
01 Aug 2068,31.493571256798596,33.765513179505994,33.997746774635054
01 Sep 2068,31.41529391171997,33.514159816980815,34.303113483636196
01 Oct 2068,31.326424337701933,33.526657042252495,34.376113610469176
01 Nov 2068,31.378775416700066,33.76509554299356,34.52797791502969
01 Dec 2068,32.796105546514056,33.97637964779886,34.431298111052
01 Jan 2069,33.55012206748233,33.96844059669063,34.56883044888884
01 Feb 2069,33.59536466364159,34.42492403823377,34.63268214573115
01 Mar 2069,33.064097853396845,34.1566261929541,34.620069374225544
01 Apr 2069,32.42140897379569,33.62092078339663,34.25699932454126
01 May 2069,31.962523310515888,33.45488377949711,33.83175346838206
01 Jun 2069,31.96441149308293,33.19920736732833,33.816628604238375
01 Jul 2069,32.03035342301056,33.11448187724156,33.895310398249336
01 Aug 2069,32.10825415912693,33.511097877152956,34.425461054105895
01 Sep 2069,31.255904549454584,33.37518132981182,34.35187942704632
01 Oct 2069,31.351157555301647,33.15319081545466,34.519760351542644
01 Nov 2069,31.253282548183428,33.38979945778375,34.55393810119371
01 Dec 2069,31.798121952956137,34.14197696932343,34.26814416350971
01 Jan 2070,32.68450397926256,34.19804881255627,34.595324638554054
01 Feb 2070,32.79343753399926,34.18929523537386,34.89460326407763
01 Mar 2070,32.708208551108356,33.52886766729237,34.84116637231506
01 Apr 2070,32.05154331936772,32.565570928925325,34.34027660994693
01 May 2070,31.493799900469373,32.17749930351624,33.8403158785595
01 Jun 2070,31.405448116912474,32.11394856608811,33.56986177775827
01 Jul 2070,31.22792850191756,33.00909916088761,33.53739270245621
01 Aug 2070,31.143491342189478,33.58534988514992,34.05974218892676
01 Sep 2070,30.043814748344918,32.659872837180075,33.84341950783804
01 Oct 2070,29.746150557390163,32.54287482170117,33.99971796425708
01 Nov 2070,29.607690159216222,32.66293165889788,34.03239956908956
01 Dec 2070,29.657675837185582,32.62268830575468,34.314064279501515
01 Jan 2071,30.385922380167255,32.74098021847844,34.308993748423774
01 Feb 2071,31.192267612885253,32.979099850006726,34.3461681747953
01 Mar 2071,30.374467219868336,32.97665592329974,34.24428467788094
01 Apr 2071,30.024282751631343,32.71665303861263,33.8181803153695
01 May 2071,30.341521135378947,32.242493300971915,33.34894890802437
01 Jun 2071,29.38120843462361,32.02242621883245,32.628539069264626
01 Jul 2071,29.373954508202537,32.10499461405699,33.0709386771314
01 Aug 2071,29.736827074959727,32.25346509704569,33.55044363638808
01 Sep 2071,29.579927063747665,32.31435096456697,32.96682693388055
01 Oct 2071,29.54036695368718,32.48051635918642,33.33718682061938
01 Nov 2071,29.6105847810686,33.3489164722207,33.60951442670964
01 Dec 2071,31.083997617562964,33.167419329131796,33.66059155709415
01 Jan 2072,31.985241559372007,32.93049198020828,34.08183994232657
01 Feb 2072,32.757161291206124,33.653502370295385,34.23173068461168
01 Mar 2072,33.0206821747176,33.588544917555666,34.37749871448076
01 Apr 2072,32.54814813588147,33.20161439524422,34.135451290119285
01 May 2072,32.12988689119566,32.847529853559436,33.79408332815924
01 Jun 2072,32.06106662614572,32.85835593293187,33.56842274271053
01 Jul 2072,31.836719953889624,32.86661874080184,33.5838021634736
01 Aug 2072,31.21508720168696,33.26604811046865,34.217813930685764
01 Sep 2072,30.95688635221074,33.2791485430852,34.16434988312368
01 Oct 2072,31.661674808710252,32.18536491382428,34.15527985511777
01 Nov 2072,31.65935596386793,32.7261672216145,34.09485587702835
01 Dec 2072,31.15894340512512,32.754093319435,34.24161068836518
01 Jan 2073,31.16414235210379,32.72863935531214,34.3732539371159
01 Feb 2073,31.31132552383576,32.83079402798672,34.53709480799463
01 Mar 2073,31.34066206836815,33.29799558112346,34.48683421035645
01 Apr 2073,31.47787294683684,32.47866628148505,34.21081229679061
01 May 2073,30.971830693438616,32.256076027154464,33.865081443928084
01 Jun 2073,31.979448658472478,32.504138019839644,33.3115509276611
01 Jul 2073,32.2189695810435,32.5764048079746,33.188204395874806
01 Aug 2073,32.44254467678969,32.8740453542164,33.783794834276435
01 Sep 2073,31.834540390184923,32.62553946484813,33.908976167457396
01 Oct 2073,32.242307390849774,32.40474040855087,34.24845004521937
01 Nov 2073,32.283764859467034,32.535779135758624,34.32719516185654
01 Dec 2073,32.308214611481645,33.00587599616827,34.48007717904193
01 Jan 2074,32.390185333910345,33.15312954598697,34.444825233743835
01 Feb 2074,32.60518001937361,33.47282220494457,34.55693631905414
01 Mar 2074,32.059950593841464,33.469722610822735,34.57188442993459
01 Apr 2074,31.498181893036673,32.69924841217913,34.16765770195444
01 May 2074,31.289274465577606,32.45383335757821,33.803185471563076
01 Jun 2074,31.213275729915768,32.23047876488185,33.840392498211024
01 Jul 2074,31.31286973320809,32.29770298193798,34.17130075110001
01 Aug 2074,31.654333000112263,32.479458243339,34.5998942464554
01 Sep 2074,31.629447446281297,32.240323013260266,34.47392560290426
01 Oct 2074,31.739704309270802,32.1382354336173,34.24757876667392
01 Nov 2074,31.034811769103914,32.20793874019384,34.2240273459504
01 Dec 2074,31.681307352720975,32.88397949203893,34.47809397646638
01 Jan 2075,32.746795432017734,32.83898518716672,34.624070676075945
01 Feb 2075,32.84633936169777,33.230166362236666,34.72301302195477
01 Mar 2075,33.14329659609245,33.4910778733459,34.70764236348054
01 Apr 2075,31.97987464227374,32.886800721316575,34.30298135079906
01 May 2075,31.589010646834108,32.47649367169791,33.905305618279876
01 Jun 2075,31.51282530826327,32.69223707894604,33.941031544231265
01 Jul 2075,31.576341284464892,32.64060486214173,33.964650921764814
01 Aug 2075,32.22711648275562,32.693003851137426,33.91227501840538
01 Sep 2075,31.780395525614402,32.553831857753785,33.83963245184991
01 Oct 2075,31.65515919493716,32.760927364662486,34.12697551191371
01 Nov 2075,31.242197411726313,32.65245485694517,34.589521646345474
01 Dec 2075,31.082940970466222,32.906058809522506,34.73920223320871
01 Jan 2076,31.734485807640528,33.43204922812704,34.79857332061955
01 Feb 2076,31.523137193881276,33.72590467046703,34.864236144800394
01 Mar 2076,31.135328415032617,33.28359917070739,34.68219434226186
01 Apr 2076,30.876739874509667,33.11791483845231,34.2458242510756
01 May 2076,30.603226551943916,32.7998830689091,33.4733623187233
01 Jun 2076,30.400936798392912,32.69220319674825,33.60295304758827
01 Jul 2076,30.484974404127513,32.67406146791213,33.87512735092835
01 Aug 2076,30.538059117567762,32.25758608725102,34.37463426150933
01 Sep 2076,30.181632451889485,32.100780540296824,34.14439298923966
01 Oct 2076,30.221923213428042,32.29308211541957,34.303566436297174
01 Nov 2076,30.597493146929825,32.4776437919438,34.38268102176996
01 Dec 2076,30.97986677007797,33.2742316372998,34.333103751289485
01 Jan 2077,33.13575422655376,33.768777557505814,34.23164139627297
01 Feb 2077,33.574378186030444,34.039521103814174,34.34502287750074
01 Mar 2077,33.32844438190309,34.10807827603926,34.263605120708185
01 Apr 2077,32.775515960417955,33.45956738276038,33.93491065960688
01 May 2077,32.092606215970456,32.70920426308717,33.39440915154961
01 Jun 2077,31.759829861861025,32.678772849309055,33.35399938655336
01 Jul 2077,31.752482815466532,32.54445859443882,33.142300774741095
01 Aug 2077,32.14914131870508,32.659567584600694,33.79951967559173
01 Sep 2077,31.791469584595728,32.78314768010547,33.66902135000896
01 Oct 2077,31.5690008665199,32.65271312003266,33.55936289237532
01 Nov 2077,31.591900827154205,32.70650146882171,33.962314068483835
01 Dec 2077,31.52542877063183,33.02001067123198,34.35600757475262
01 Jan 2078,31.939751919066786,32.954993651844056,34.3723682691991
01 Feb 2078,32.14227407362363,32.84855381049246,34.453634335552096
01 Mar 2078,31.86649515091275,33.11780250979873,34.52868278834615
01 Apr 2078,31.690100667290103,33.07847538591911,34.21475260338895
01 May 2078,31.89666551143532,32.30473161332437,33.92314977579752
01 Jun 2078,31.558838852031403,32.4644975983632,33.67027568541172
01 Jul 2078,31.467546781878063,32.356384676592064,32.82512442403374
01 Aug 2078,31.63630370356614,32.66651995216832,33.4652588420648
01 Sep 2078,30.580067847285683,32.72093295379964,33.452039289518915
01 Oct 2078,29.866430410216143,32.825720790027184,33.73114291104402
01 Nov 2078,29.971514866812104,33.670813397187,34.32152924140433
01 Dec 2078,29.745623947754428,33.69826480371279,34.41652970061996
01 Jan 2079,29.71473549302275,34.0396571742187,34.69797588014448
01 Feb 2079,29.94829500919603,34.159363485045134,34.905141758459365
01 Mar 2079,30.081311148170546,33.87517981707315,34.841336186676784
01 Apr 2079,29.822888007643197,33.27073536029817,34.53553855651957
01 May 2079,29.417678674181907,32.7019142828253,34.46438903776463
01 Jun 2079,29.37958539291425,32.281345183665785,34.4897937201514
01 Jul 2079,29.503722200720354,32.40229851574998,33.90417785093317
01 Aug 2079,29.858692797948184,32.93290093676223,33.804843252447455
01 Sep 2079,29.69381255657992,32.99576666940884,33.63594568950797
01 Oct 2079,29.695899298154792,32.62217485912702,33.96524586899447
01 Nov 2079,29.76281370561793,32.40978384828166,34.336411697121186
01 Dec 2079,29.83806684853033,32.42391280803674,34.47465021983731
01 Jan 2080,31.3922732965413,33.01571005488732,34.484838422541905
01 Feb 2080,31.039540223606544,33.853143305222126,34.70135198322595
01 Mar 2080,30.3796617541612,33.75999219003499,35.198510556742974
01 Apr 2080,30.121223817581825,33.466068714593995,34.85276091001607
01 May 2080,29.582352887153487,33.1700429770546,34.52638747563436
01 Jun 2080,29.482109707175827,32.6460140396059,33.522870712922725
01 Jul 2080,29.613453636199026,32.55815911168025,33.77950997390462
01 Aug 2080,29.917379978269942,32.8028000434722,34.076912186047046
01 Sep 2080,29.791388914183077,32.573880047059866,34.46524037734742
01 Oct 2080,29.598161314786463,32.234110624404714,34.48182251123696
01 Nov 2080,29.519526656717964,33.42067389905085,34.5866892994338
01 Dec 2080,29.52199361106589,33.913383476407766,34.62241959402177
01 Jan 2081,30.649835690710503,33.981381397619415,34.88407163693433
01 Feb 2081,31.49728747166576,34.625701786025765,35.43839301629561
01 Mar 2081,30.57083519128933,34.61468911808878,35.36457527065992
01 Apr 2081,30.03541075286126,34.27981684600433,35.027293028262456
01 May 2081,29.63001926899498,33.88232678509104,34.65271866519648
01 Jun 2081,29.26376668152662,32.96883689262353,34.725131264282965
01 Jul 2081,29.111726840819152,32.806869943818214,35.00231465961905
01 Aug 2081,29.249370962986006,32.74281772204258,35.28998273936143
01 Sep 2081,29.19227234781228,32.04238173264166,35.17754468078838
01 Oct 2081,29.268597762154524,32.54762499028374,35.14661101825062
01 Nov 2081,29.225559997033667,34.7303107522272,34.97882967538846
01 Dec 2081,29.55178088476611,34.139309650797195,34.780323374801185
01 Jan 2082,30.90544252435028,33.80197514542342,34.65043682366113
01 Feb 2082,32.274685783463234,34.05972301745957,34.84140984846453
01 Mar 2082,33.174193373248116,34.28473291947623,34.78368392800024
01 Apr 2082,32.58641547653898,34.135074384397235,34.33764796433623
01 May 2082,31.50141287009225,33.55495785842247,33.98010836085635
01 Jun 2082,30.94104442302563,33.15352275333472,34.10534238736294
01 Jul 2082,31.023943124555025,32.85489895954608,34.382413315947225
01 Aug 2082,31.243348491363324,32.23596836978173,34.65578306642869
01 Sep 2082,30.17491620717246,30.901566372291555,34.57732332039267
01 Oct 2082,29.456626196852294,32.00769423371232,34.577390974420155
01 Nov 2082,29.323932018965493,32.14542321029395,34.512659659716114
01 Dec 2082,29.677683742751785,32.21731654891399,34.52457796944758
01 Jan 2083,29.72315038283681,33.057036647309815,34.57000312368821
01 Feb 2083,30.61238593409994,33.00898732095499,34.68418773293733
01 Mar 2083,30.91906374638509,33.14113410153344,34.63820362726594
01 Apr 2083,30.56095085458794,32.222077879315485,34.17554007050009
01 May 2083,29.441737737405894,31.885794627812682,33.86918939522565
01 Jun 2083,29.14751059686024,31.89676892936635,33.9392552295462
01 Jul 2083,29.146913246239617,32.1689407337097,34.16066413531688
01 Aug 2083,29.453150549469722,32.26250725729015,34.42580950666049
01 Sep 2083,29.285466041764938,31.691564877687682,34.27272818381675
01 Oct 2083,29.37366100568612,32.17776076553993,34.23976242023779
01 Nov 2083,29.578295870340234,32.89584027029677,34.16181863898267
01 Dec 2083,30.02715851695402,33.9882904220496,34.06426064105879
01 Jan 2084,32.42323006747334,33.85218968455078,33.94568689305258
01 Feb 2084,33.322330146222306,33.72474819074984,34.08038366701404
01 Mar 2084,33.280137226412435,33.62115258670981,33.943696141308436
01 Apr 2084,32.14463702675989,33.28150008610168,33.48659433746286
01 May 2084,31.39716727948174,32.86987107509509,33.70497079397776
01 Jun 2084,30.31053611014198,32.45492560066001,33.64951558720772
01 Jul 2084,30.26835304640771,32.376022534595535,33.37608978935374
01 Aug 2084,29.981650712633666,32.58932924759174,33.62223658806398
01 Sep 2084,29.694003513031088,32.243898884763276,33.329099669946984
01 Oct 2084,29.866595701079603,32.47047852028897,33.359941824453394
01 Nov 2084,29.738436867316324,32.86312579909987,33.40573606992888
01 Dec 2084,30.09257814002705,32.4064307199494,33.69120199451238
01 Jan 2085,30.987577346486955,32.52879113661789,33.21543770256213
01 Feb 2085,31.972651694826723,33.09936736691283,33.775053306959144
01 Mar 2085,32.242430297370674,32.74756521247949,33.363392747285474
01 Apr 2085,31.809545063489754,32.58413154117566,32.674202403751536
01 May 2085,31.58146199412741,32.074200441505525,32.442805218584574
01 Jun 2085,31.336256128460775,31.844811093764385,32.39928490571508
01 Jul 2085,31.108526144422925,31.966313988814385,32.42622112668548
01 Aug 2085,30.73574782780057,32.0669382977547,33.03650612570278
01 Sep 2085,30.53224859664626,31.780266506725212,32.76442248843018
01 Oct 2085,29.529975056638012,31.42423989702077,32.50702062973356
01 Nov 2085,29.59595664942064,31.912293560430527,33.17782774154238
01 Dec 2085,30.231827223544823,32.1147913991221,33.226105299272774
01 Jan 2086,30.165526946815152,32.623221934521226,33.19644434242347
01 Feb 2086,32.03024720684819,33.09171625604135,33.370218739269376
01 Mar 2086,32.243803035500335,33.04491953323916,33.930574012043806
01 Apr 2086,32.01173740798512,32.51845459538185,33.58973942342551
01 May 2086,31.48366783377869,32.00965959875316,33.28676168743702
01 Jun 2086,31.59115001066969,31.987879280836253,32.982107316177576
01 Jul 2086,31.544387738810332,32.245232937902365,32.85885439034374
01 Aug 2086,31.48305675292553,32.59124862524845,33.03488410056499
01 Sep 2086,30.664708318339912,32.63730439828917,33.11122330137832
01 Oct 2086,30.367640249126058,32.72234292253588,33.14893846907686
01 Nov 2086,31.06268665182202,32.69823300345331,33.04190275940231
01 Dec 2086,31.82133513179571,32.59018182497289,33.33373007301049
01 Jan 2087,31.939430565466655,32.6792761279362,33.94262392360846
01 Feb 2087,32.75415537908718,33.01742400348624,34.126849389134435
01 Mar 2087,32.47669372303685,33.15034818276064,34.007607963766375
01 Apr 2087,32.22950437793469,32.712071208548345,33.63872507807434
01 May 2087,31.876775568893798,32.18691771715013,33.24821464926353
01 Jun 2087,31.710933075607773,32.06529992974817,33.13621755589838
01 Jul 2087,31.722531112762773,32.21175955870004,32.59396607528609
01 Aug 2087,31.901123063598153,32.537923018102944,32.86561536473204
01 Sep 2087,30.37031759984601,32.18625407114002,32.83423930007333
01 Oct 2087,30.25144150434075,32.04432068796638,32.826360594286726
01 Nov 2087,31.017006601587532,32.19264761644755,33.30230320108144
01 Dec 2087,30.528494054662698,33.0311250404072,33.331765427740855
01 Jan 2088,30.40501626479594,33.213386465512976,33.78238138174454
01 Feb 2088,32.35689099603659,33.35701098309694,33.69078074020885
01 Mar 2088,32.251289481841745,32.89078458843715,33.558492342873656
01 Apr 2088,31.777291101641538,32.170389169153225,33.223810183149624
01 May 2088,30.889806832049523,31.701900501702198,32.075968377368504
01 Jun 2088,30.31266614686951,31.364691174101257,31.639754546065003
01 Jul 2088,30.26732631632214,31.150725420601315,31.707178664694723
01 Aug 2088,30.569033909781133,30.969064282870313,32.30556530827746
01 Sep 2088,30.336536753528815,30.647385719928337,31.867986155627122
01 Oct 2088,29.08604876012383,30.479081615310374,32.180994734859425
01 Nov 2088,28.984227771643642,30.618011249025624,32.25740348539176
01 Dec 2088,29.476425402428855,31.386785893646053,32.539371630377246
01 Jan 2089,29.832024336091692,32.47655263991618,33.510528479917326
01 Feb 2089,31.636412362496422,32.61685203520048,33.19641415045769
01 Mar 2089,32.20657465804632,32.65171520472821,33.032382285075876
01 Apr 2089,31.86591872837345,32.36883026576739,32.441018134915744
01 May 2089,31.363672284377248,31.923313404624913,32.347359305477
01 Jun 2089,30.952720986678386,31.821690589833548,32.76277550611104
01 Jul 2089,30.628288787641253,31.856630826711378,32.94994006181195
01 Aug 2089,30.49972235329294,31.9746831991881,33.133853699951345
01 Sep 2089,29.28791830333115,31.821456708570864,33.19596536397037
01 Oct 2089,28.95219451132252,31.587241102792227,33.355651833333816
01 Nov 2089,29.021259885929297,31.67604177443258,33.433106155047454
01 Dec 2089,29.09048182161477,32.54419694245166,33.450734294654474
01 Jan 2090,29.392537114376424,32.563281510052015,33.572244252731956
01 Feb 2090,30.797408370437804,32.62867013865377,33.919547644611875
01 Mar 2090,30.88414151557955,32.54532020824855,33.91454096643285
01 Apr 2090,30.616469926442203,32.12481951059914,33.706192853584874
01 May 2090,29.873000648514353,31.37882806635143,33.31537192970339
01 Jun 2090,28.953444239440998,30.68639640973628,33.07492265527704
01 Jul 2090,29.10848238011966,30.808333632845162,32.86236463432134
01 Aug 2090,29.41125680181314,31.095584170472176,33.15229308726413
01 Sep 2090,29.272117080419513,31.0760258733244,33.1630603455812
01 Oct 2090,29.070929689713292,31.07161452231342,33.59511849352002
01 Nov 2090,28.911474543198537,31.168629024283774,33.83541428556526
01 Dec 2090,28.879247760195724,31.64475960384778,34.00416792414826
01 Jan 2091,29.248782002029714,32.32142811125573,34.03538973610791
01 Feb 2091,30.391117306834857,32.50200635858522,34.21795117133327
01 Mar 2091,30.40004217301545,32.301620569966126,34.29081217035399
01 Apr 2091,29.70730818226639,32.33357547217964,33.97966211707485
01 May 2091,29.09474557401147,31.562574640400126,33.6565594755654
01 Jun 2091,28.886773561085768,31.190848927584696,33.64042160738094
01 Jul 2091,28.856649245771177,30.86879984701133,33.935242818126234
01 Aug 2091,29.04014550442285,31.37912284282149,34.37756776115359
01 Sep 2091,28.802946106619732,30.963094182653965,34.14963017469095
01 Oct 2091,28.657865708260292,31.14780160875867,34.08678649506677
01 Nov 2091,28.793469289598367,31.12631610369212,34.10613860389675
01 Dec 2091,29.52582093754211,31.422746140668078,34.047826490925424
01 Jan 2092,29.979799163216384,32.210381333403085,33.85361792132404
01 Feb 2092,30.421105556331057,32.25315141059211,34.058957835159624
01 Mar 2092,31.180751599190526,32.309448518097085,34.11542151188623
01 Apr 2092,30.45824469824434,32.117990277677634,33.80607485600998
01 May 2092,29.66428459568188,31.83876165549416,33.42208680979794
01 Jun 2092,29.362313440413914,31.76294151756541,33.39318335647192
01 Jul 2092,29.394512209920876,31.97402124658977,33.26613270604441
01 Aug 2092,29.46727087737876,32.41470239206231,33.43691142116803
01 Sep 2092,28.872336834403484,31.93705334802738,33.47916589999863
01 Oct 2092,29.072866161013618,31.871724324741134,33.629807804438514
01 Nov 2092,29.673076192899345,31.927204189117838,33.47732857341252
01 Dec 2092,30.56498400717565,33.30535418268603,33.63299464504078
01 Jan 2093,30.614743998207484,33.38540831642579,34.13449380405217
01 Feb 2093,31.565196670743504,33.53637775883673,34.19146623577447
01 Mar 2093,32.013372002131824,33.458427400057765,34.15181565579089
01 Apr 2093,31.165377517586926,32.88693925299015,33.7059380227226
01 May 2093,30.05531333467291,32.04489986560769,33.29628737729089
01 Jun 2093,30.210625119936598,31.679925958079078,33.26037674051119
01 Jul 2093,30.2582838098425,31.44338871119093,33.508678142705875
01 Aug 2093,30.6713482820687,31.097063437578537,33.34573048190351
01 Sep 2093,29.840595942895682,30.88524955493761,33.184080775136266
01 Oct 2093,29.657818663035677,31.356709385064818,33.289443887131014
01 Nov 2093,29.97500411964275,31.978963359645366,33.53924761628981
01 Dec 2093,30.545267850921316,32.378295841530445,33.528973495749874
01 Jan 2094,30.911159483615766,33.020457484836825,33.40489503341326
01 Feb 2094,31.438294279714782,33.31776369402143,33.95996665190377
01 Mar 2094,31.545774949182373,33.149904616148525,33.89659188411649
01 Apr 2094,30.570638553016575,32.755982165366056,33.460891946434195
01 May 2094,30.064488022071668,32.319806015889505,32.86625377408132
01 Jun 2094,30.04771477621478,32.218502708135254,32.59171614590011
01 Jul 2094,30.264095788731133,32.322618495987015,33.06393887667921
01 Aug 2094,30.707707095002014,32.889376754066674,33.54414842378648
01 Sep 2094,30.661438738211,32.49611780931697,33.64901895039136
01 Oct 2094,30.409660389588467,32.49583659533947,33.720682947132126
01 Nov 2094,31.080329410239315,32.54229067795517,33.430913673415
01 Dec 2094,31.52967695575316,32.45338042531707,33.33036352179961
01 Jan 2095,32.08046237767544,32.54277003008541,33.46327871606217
01 Feb 2095,32.39408935728358,33.20608744487478,33.91987226171843
01 Mar 2095,32.00013932544731,32.968178068914746,34.23011493399025
01 Apr 2095,32.37283893277297,32.64629709806071,34.06785416288023
01 May 2095,32.08099285295449,32.25136251627891,33.67223830375169
01 Jun 2095,31.587911530914234,31.90915047037749,33.157308343335565
01 Jul 2095,31.479652354617386,32.20318927560087,33.189785817648406
01 Aug 2095,31.507039424744974,32.21952584481276,33.54309602008427
01 Sep 2095,30.62745663165018,31.146026004891848,33.46412945790279
01 Oct 2095,30.127828296691558,31.74606075306484,33.66672392094933
01 Nov 2095,31.06718190046712,32.23599992365342,33.74197864502885
01 Dec 2095,32.03878855578867,32.958662135554846,33.713035591390486
01 Jan 2096,32.26681352735326,33.29983452539754,34.40592621438207
01 Feb 2096,33.059777628172895,33.4887192993664,34.59654450926795
01 Mar 2096,32.76626170483181,33.21883556335515,34.52531203010304
01 Apr 2096,32.23579375245935,32.83299192056732,34.15920272391654
01 May 2096,31.514053768977075,32.39533352380365,33.76663578047218
01 Jun 2096,31.433471767666845,31.70468665301481,33.640444376031176
01 Jul 2096,31.36353259834453,31.596621603303603,33.26372931415574
01 Aug 2096,31.621515899041384,31.86029515128785,33.22880839226813
01 Sep 2096,30.523698624406183,32.42002266711569,33.105107246078674
01 Oct 2096,29.824471202289654,32.05076676817519,33.317516500657106
01 Nov 2096,30.182486167456325,33.115659518624874,33.45510247251903
01 Dec 2096,30.413706359986232,33.29921114636981,33.45005529250514
01 Jan 2097,30.24474785437812,33.505327001172866,34.44685400472846
01 Feb 2097,30.398356231406915,33.492230554696235,34.59809214793941
01 Mar 2097,30.387695496186446,33.57058942094074,34.15962327719447
01 Apr 2097,30.07997545762547,33.10333090008818,33.60368316007227
01 May 2097,29.647482273794385,32.57862195099652,33.10959286873951
01 Jun 2097,29.49667929175914,32.81882470437503,33.06571598846325
01 Jul 2097,29.603510209354642,33.03127899713635,33.292292722123285
01 Aug 2097,29.79990240537398,32.526276715362044,33.56157151148881
01 Sep 2097,29.577425821055762,32.33007501072757,33.36354323748278
01 Oct 2097,29.536968742771315,32.86852380064543,33.36633330859917
01 Nov 2097,29.526986868510253,33.04083765372157,33.30871953315294
01 Dec 2097,29.726814319994467,32.40575009357,33.902468570083265
01 Jan 2098,29.58194940843767,33.25453237668903,34.356096498179674
01 Feb 2098,29.789974274511092,33.70098923906491,34.667596569261974
01 Mar 2098,30.9903684497792,33.66973245788785,34.68670224233228
01 Apr 2098,30.46319377871063,33.029110986418196,34.316608694866744
01 May 2098,29.620820881888047,31.612089489118258,33.8389650227558
01 Jun 2098,29.29683013241666,31.736646696474086,33.75597041096378
01 Jul 2098,29.063399417686778,32.03152561848674,33.91526248593422
01 Aug 2098,28.968600352526668,32.335269409632076,34.244840219323045
01 Sep 2098,28.539935036371055,32.193941068186554,33.61878190776694
01 Oct 2098,28.210659744983126,32.11635589578369,34.05128639204488
01 Nov 2098,28.288394695183705,32.80694336233303,34.46123144572069
01 Dec 2098,28.494585812118167,33.15309915592512,34.530820848249064
01 Jan 2099,28.664229456117575,33.558231476521605,34.73444383605345
01 Feb 2099,29.015580097754846,33.69221059869113,34.8683532749083
01 Mar 2099,28.781103426526,33.66226904743233,34.80145800469974
01 Apr 2099,28.44154506387443,33.332156794892114,34.40373486122228
01 May 2099,28.197546592871422,33.09663003751483,34.02923971745235
01 Jun 2099,28.174231844820085,33.20589378773484,33.967750021452844
01 Jul 2099,28.106730697464158,33.50762718053123,34.091543431628764
01 Aug 2099,28.189169330222235,33.96787900281909,34.391750405930026
01 Sep 2099,27.876871709357886,32.04964317497723,34.240790277773854
01 Oct 2099,27.907946177127297,31.539128527647808,34.59454153607212
01 Nov 2099,28.138251636335806,32.38413107030839,34.58605192530605
01 Dec 2099,28.546109527952787,33.460786069027485,34.647098081071796
