Date,THETAO (P2.5),THETAO (P50),THETAO (P97.5)
01 Jan 1993,5.932510324364427,7.709916319727154,8.604303219837103
01 Feb 1993,5.235930397449713,6.498246976325859,7.439524290417997
01 Mar 1993,5.328889431400088,6.91606372181235,7.505156338244162
01 Apr 1993,7.235760505567882,8.65375752600353,9.773497841816388
01 May 1993,10.575410393107106,11.263861062226304,11.467499630572746
01 Jun 1993,13.520680881480056,13.64670176363769,14.005431073306095
01 Jul 1993,16.041442539915593,16.29898586728464,17.818444976048518
01 Aug 1993,16.939692048304064,17.501866425082554,17.70636687791499
01 Sep 1993,16.60357402766761,16.807385801344644,16.95657292832595
01 Oct 1993,13.984409387787355,15.003164835983185,15.522087396753358
01 Nov 1993,11.411492275771824,12.015795215483276,12.573207677076459
01 Dec 1993,9.08589046949855,9.170996541063188,10.324349941924476
01 Jan 1994,7.041305142885252,8.363532664265666,8.7985521850983
01 Feb 1994,5.993913481215685,7.174406219403234,8.004870612461183
01 Mar 1994,5.3984886066500914,7.7811964505831135,9.025515217393727
01 Apr 1994,6.916886069260961,9.763474332343664,10.058196277066623
01 May 1994,10.042258903070925,11.915184956751748,12.26112141991982
01 Jun 1994,13.509675214055383,14.154374248041776,15.181795975694955
01 Jul 1994,16.03689243276412,16.550852003909224,17.446293240264076
01 Aug 1994,16.89917150896336,17.71528295604335,18.239915038181454
01 Sep 1994,16.574465314864824,17.212633539489453,18.606132511122784
01 Oct 1994,14.32073306673773,14.700021783730827,16.53688994414081
01 Nov 1994,11.527700738101135,12.161035386411784,12.91404197891843
01 Dec 1994,8.461690514216365,9.402156763344403,9.879967098334888
01 Jan 1995,6.471762593339565,6.857689023000125,7.978300761840075
01 Feb 1995,4.745320782769488,6.240832578486243,8.032319962788721
01 Mar 1995,5.317575377610922,5.8321504087348615,7.226668617003389
01 Apr 1995,7.49644002703,7.989093724194957,9.444274700271912
01 May 1995,10.681836740973825,10.969325478836348,13.01706804893831
01 Jun 1995,13.352987301644925,14.328976872971822,15.694962695228012
01 Jul 1995,15.613261987393173,16.647781843350195,18.157382526951096
01 Aug 1995,16.69956949654335,18.23182259261623,19.35737804331406
01 Sep 1995,16.232514381715006,17.195577977057628,17.99823098883203
01 Oct 1995,14.09764811509768,14.463194709043737,15.857910459917262
01 Nov 1995,11.831553115283977,12.174880438182264,12.908118288598205
01 Dec 1995,8.907380623798991,9.424952064679236,9.49196277474835
01 Jan 1996,6.757648557308945,7.598886206758902,8.510877040205557
01 Feb 1996,5.934161145252269,6.718450030215051,7.961252338086119
01 Mar 1996,5.730043629096536,8.135945200202624,8.557595219238257
01 Apr 1996,7.655688817042049,9.740628135353008,10.034205801692876
01 May 1996,10.611736864106827,11.205321573890346,11.848860254833525
01 Jun 1996,13.920697504260735,15.023743682660422,15.317785414156813
01 Jul 1996,15.69976184292336,16.700687832442615,18.44170234307548
01 Aug 1996,17.405121185913547,18.492623651048106,19.624561397582376
01 Sep 1996,16.65019102611988,17.422229592013018,18.828627883349235
01 Oct 1996,14.866850837319438,15.582113086987995,16.528066038772995
01 Nov 1996,12.33590621132543,12.54649759655761,13.897376157086228
01 Dec 1996,9.829044847466939,10.042684923015852,11.566459592519639
01 Jan 1997,7.41373692534737,7.848436536303829,9.164131988535578
01 Feb 1997,6.209292435999743,7.254565198409056,8.523096820222612
01 Mar 1997,6.445987772464316,7.241043786980236,7.670769088804822
01 Apr 1997,8.21437279359185,9.139793520149562,9.775028055117774
01 May 1997,11.152967241820717,11.610993476469345,13.045644299256509
01 Jun 1997,13.844814017655592,14.121134021823257,14.991264194870514
01 Jul 1997,15.878687402176867,16.58496469226053,16.864333390143834
01 Aug 1997,17.528562343472476,17.750597296857695,19.10910468154803
01 Sep 1997,17.1770552164193,17.38838258100528,17.693823282492957
01 Oct 1997,14.342950956413333,15.201118299004605,16.341108484401207
01 Nov 1997,11.852299608114265,12.977592846593886,13.451577316012658
01 Dec 1997,8.864184225406488,9.779217400907322,9.882778915017083
01 Jan 1998,6.970556107787399,7.418040509639847,8.602631521599706
01 Feb 1998,5.612354125815411,5.932482347923421,7.488174484708635
01 Mar 1998,4.781375762746903,6.085547031799042,7.3271611695073116
01 Apr 1998,7.682832265445593,8.065835713229331,9.04582868818095
01 May 1998,11.187853570518259,11.573759588143043,12.348118424255832
01 Jun 1998,13.49132367279329,14.075266421061418,15.442327622480851
01 Jul 1998,15.663954240862045,16.573897889155337,17.97409967551962
01 Aug 1998,17.295216081011574,17.497233493652093,19.43160024035983
01 Sep 1998,16.25734984559643,16.885220441748846,17.99303204924578
01 Oct 1998,14.203758644827287,14.735315946779153,17.05151118573352
01 Nov 1998,11.413935921911776,12.464929419972282,14.039897358436084
01 Dec 1998,8.847777873144514,9.404352250811593,10.125217107402475
01 Jan 1999,7.3098984878806865,8.761970136169623,8.890015617164643
01 Feb 1999,6.001677959006177,6.791889880450679,8.04841103699881
01 Mar 1999,6.553040200001286,6.896069807103508,8.60614798025095
01 Apr 1999,7.854018790178221,8.94486903415582,10.403293855540324
01 May 1999,10.511498580132118,11.164229488033145,12.330220267452615
01 Jun 1999,13.285515610926176,14.002293276688238,15.04016761780332
01 Jul 1999,16.679202571850066,16.92533889152007,17.707118564132852
01 Aug 1999,18.12271137155786,18.525968785799936,19.19367318961345
01 Sep 1999,17.129107390216678,17.69628824435668,18.670125915013042
01 Oct 1999,15.022798289681806,15.397737834726476,16.779881709092162
01 Nov 1999,12.070431749699212,12.490723861861184,13.286813356064338
01 Dec 1999,8.458471218792697,9.672421982111938,10.632551518120433
01 Jan 2000,6.845886879436436,7.579424792479561,9.203899393831747
01 Feb 2000,6.090318688365607,6.819752465947111,9.133011529325831
01 Mar 2000,6.774973250823554,7.747506655809514,8.69824253762138
01 Apr 2000,8.39568921860416,9.4909769386157,9.747264883621106
01 May 2000,10.680104013753445,11.41075229349984,11.637115948586796
01 Jun 2000,13.236164448989896,13.926844632886791,14.239502593622547
01 Jul 2000,15.47683246075502,16.53703734354408,16.936856389373364
01 Aug 2000,16.815180992956947,17.920112150486585,18.111561873497998
01 Sep 2000,16.854030036938724,17.75021740806477,18.353346048809957
01 Oct 2000,14.117294966215999,15.70772117317168,16.70001134086051
01 Nov 2000,11.948788937917088,12.614532287467775,13.78586668937424
01 Dec 2000,9.361026993344426,9.546756885456343,10.897684338617863
01 Jan 2001,6.024230530090886,7.405287434131438,9.658542627776283
01 Feb 2001,6.390887818867454,6.954870802327558,8.483040122576691
01 Mar 2001,6.378403971245003,7.886477118548053,8.643223803505808
01 Apr 2001,8.139466008610029,8.738960420029665,10.740664757618934
01 May 2001,10.58673954489943,11.26141271360823,13.473273420429479
01 Jun 2001,13.534020707850326,14.044117117539807,16.061546543339013
01 Jul 2001,16.267104214870866,16.563605714308242,18.207380022959374
01 Aug 2001,17.214002292250633,18.18474054385404,18.364433193417508
01 Sep 2001,16.432920314180844,17.209052567857576,18.379320383383284
01 Oct 2001,14.978043826898281,16.00581880723419,16.53282696420623
01 Nov 2001,12.386773595996086,13.190233039254903,14.233440057935658
01 Dec 2001,9.361725971426619,10.245405016923236,11.448136761969522
01 Jan 2002,7.51762655533341,8.573405349460733,9.90871460976911
01 Feb 2002,6.103374574342551,7.789183321518092,8.471530895121235
01 Mar 2002,6.342011535037475,6.9930003721783764,7.791798427850547
01 Apr 2002,8.107330835864635,9.190255002453979,9.555808066628147
01 May 2002,10.602662118072733,11.421723356882364,11.86200140180284
01 Jun 2002,13.43271780751762,14.309316321433432,14.581073845608458
01 Jul 2002,16.301171585940033,16.899923716479062,18.377602446091906
01 Aug 2002,17.544968634497703,17.792756010744046,18.262121786176486
01 Sep 2002,17.215126624989438,17.632071605152053,18.467867246764577
01 Oct 2002,15.005245879765992,15.393792831158189,16.80959977999438
01 Nov 2002,12.356190385302819,12.620741796990359,12.963649267277717
01 Dec 2002,9.93272013596577,10.003998637279022,11.244412150637373
01 Jan 2003,7.538290082787092,8.668485645922864,9.384070850908973
01 Feb 2003,5.644029025560217,6.841555038556652,7.703981482004835
01 Mar 2003,6.514837224635172,7.029294985616552,7.157365324144681
01 Apr 2003,7.76817298160535,8.939035320574309,9.660644134606223
01 May 2003,10.74645269233246,11.749034720060349,12.924698674644995
01 Jun 2003,14.18081211456955,14.277400656428641,16.824118069532403
01 Jul 2003,16.479557981206383,16.92197079448981,18.720496260913244
01 Aug 2003,17.97380987728326,18.236516672658855,19.89726187486502
01 Sep 2003,17.069894830031842,17.6239674412207,19.48942359036349
01 Oct 2003,14.569149650319218,15.562334701089197,17.372673632666345
01 Nov 2003,12.494305887973276,12.790612392182764,13.821388178021811
01 Dec 2003,9.013344351040013,10.092429569089221,10.278769205568404
01 Jan 2004,7.58918413434816,7.925261795026385,8.987720601069912
01 Feb 2004,6.3266490041339605,6.957313718649294,8.324252620308895
01 Mar 2004,6.140510833212253,6.888832652858964,7.611188886505755
01 Apr 2004,7.910989289486944,8.610941108529312,9.941928633842066
01 May 2004,11.275620126017,11.535017232713892,11.873318129841962
01 Jun 2004,14.133725212187532,15.209335017612531,16.218689700457862
01 Jul 2004,16.825946750010466,17.488825415834565,18.535024022543436
01 Aug 2004,17.884422588753566,19.257379637567162,20.166416439118628
01 Sep 2004,17.274309166220675,18.315311990645377,20.03153717133154
01 Oct 2004,15.202934155724629,16.48008311694628,17.49254162237864
01 Nov 2004,12.50895112539553,12.71833886291791,13.068232535653971
01 Dec 2004,9.022917552245111,10.301427886082816,11.312061596874086
01 Jan 2005,5.705127663135932,8.383724467552101,9.511942025220469
01 Feb 2005,5.932003882644597,7.890494221112377,8.661379660324197
01 Mar 2005,6.545481122323406,6.903454896748659,8.957942767028571
01 Apr 2005,8.293230992279037,9.239271650582626,10.640563481812288
01 May 2005,11.059995108512252,12.729535847609956,12.832547975933608
01 Jun 2005,14.322780730675774,14.480603030893313,15.749942415702877
01 Jul 2005,16.514296827399757,17.62646703344142,18.406260766100452
01 Aug 2005,18.596733696221154,18.726402673309035,19.696429800305143
01 Sep 2005,17.789894813675517,18.33474525825666,18.477217115985002
01 Oct 2005,15.382426257350815,16.415804276971855,16.824327840581493
01 Nov 2005,11.985857849095476,13.493942738858095,13.92081101302538
01 Dec 2005,8.321716543399662,9.045974082685698,10.270671818118334
01 Jan 2006,5.891269190892581,7.5436666838662685,8.47305462186616
01 Feb 2006,5.5923442990767525,7.074502583360856,8.283124848120751
01 Mar 2006,6.185521207508037,7.141991789534644,8.460625581696542
01 Apr 2006,8.833893968778453,9.03468124674782,10.34594084440904
01 May 2006,11.428837354062775,11.472875429374785,12.757839853219686
01 Jun 2006,14.126712149661923,14.277559842303093,15.032094572694206
01 Jul 2006,16.633540467102737,16.778660651633682,17.296495060180934
01 Aug 2006,18.12220991738562,18.57241023348255,18.926645582086767
01 Sep 2006,17.356618125743953,18.067775110109295,19.2430585231723
01 Oct 2006,14.715481938406388,15.70100215382594,16.368441025770426
01 Nov 2006,12.471938881129262,12.746087680837919,14.279206752091198
01 Dec 2006,9.410946122111023,10.142495113626047,11.530775900826809
01 Jan 2007,7.994023304522515,8.135590964378974,9.389981688567715
01 Feb 2007,6.580044258200366,6.752171242922368,8.114164104332938
01 Mar 2007,6.275941445858998,7.448105906339917,8.344336593118918
01 Apr 2007,8.070739617252729,9.256621575711984,9.829305237602782
01 May 2007,11.479055046261152,12.527341375101503,13.079199863328423
01 Jun 2007,14.601726483704319,14.896194113744333,17.14929518489771
01 Jul 2007,17.33096611951702,18.00147674381796,18.482798344091332
01 Aug 2007,18.15969524830454,18.727949177815216,19.755181034300044
01 Sep 2007,17.36963514245658,18.383502719910112,18.93619576378492
01 Oct 2007,15.563716914137718,15.910594682523225,17.056423819996198
01 Nov 2007,12.22471413901813,13.122134181548892,14.19840912575233
01 Dec 2007,10.066813181419905,10.296984188005434,11.289785990601102
01 Jan 2008,8.493651146880229,8.586369330747786,8.898841130387268
01 Feb 2008,6.992228691318127,8.428087789044,8.93927610686752
01 Mar 2008,6.234634750119597,8.000178411116515,9.00316715889491
01 Apr 2008,8.183799474260175,9.02426788947908,10.279924594941837
01 May 2008,11.755951299140081,12.187829997156634,12.932054243752567
01 Jun 2008,14.077726892190817,14.779469778043246,15.39361745356301
01 Jul 2008,16.17097070410256,17.16978500220186,18.70113178341781
01 Aug 2008,17.415860242189165,19.082820243328683,19.999446037630644
01 Sep 2008,16.933605642163457,17.61316374369867,18.279016553292784
01 Oct 2008,14.176912374966467,15.12050326068946,16.468447473875163
01 Nov 2008,12.290672301016786,12.670766103390834,13.14542947310429
01 Dec 2008,9.662424650644313,10.139047451278914,10.974587124713882
01 Jan 2009,7.5902415971639,8.280048808145349,8.704344197849824
01 Feb 2009,5.671225626780858,7.9671990034330396,8.635466777889505
01 Mar 2009,6.363182776175398,7.875659367895394,8.65832953998954
01 Apr 2009,6.8519951641652295,9.42546981494747,10.48125652530886
01 May 2009,10.800451788850586,11.79179650871846,12.026848909745826
01 Jun 2009,13.439834126104131,14.98547566234189,16.076735834911073
01 Jul 2009,16.93959314382071,18.3036184756974,18.84769706575705
01 Aug 2009,18.039015898417418,18.94762301056867,20.713685877871534
01 Sep 2009,18.03726314180697,18.24368866576496,19.760886984884344
01 Oct 2009,15.716634070049789,16.65540481611346,17.198989324585142
01 Nov 2009,12.418035975269156,12.882736969097484,13.463206502335527
01 Dec 2009,9.29228200573519,9.942087557066628,10.46216683033059
01 Jan 2010,7.299921873819754,8.291071022524855,9.806511466060227
01 Feb 2010,6.347098428104387,7.769796481469738,9.126899140804046
01 Mar 2010,6.662144884491522,8.593724877592184,9.064988037351295
01 Apr 2010,8.739684606170615,9.478935204327229,10.532191492798702
01 May 2010,11.482078847906468,12.226987307507484,13.357834304211062
01 Jun 2010,14.314802825344605,14.642989298271353,15.204031514223763
01 Jul 2010,16.637273156582953,16.85715532748507,18.24426803946517
01 Aug 2010,17.7864864894474,18.424200509114094,19.378083302741643
01 Sep 2010,17.76073643799056,17.868825715630717,19.076627849512143
01 Oct 2010,15.460622924699791,16.119534140461212,17.240605210868328
01 Nov 2010,12.703474149372692,13.350908300639396,13.876699963877888
01 Dec 2010,9.48576171930626,10.311990731335543,11.126555440394071
01 Jan 2011,7.600172586819198,8.517200846031454,9.333870700218382
01 Feb 2011,5.51309138220829,7.298894334437098,8.31852090717103
01 Mar 2011,5.662312474423478,7.909004162770247,8.97489258724049
01 Apr 2011,8.22825176297563,9.126079311779138,10.079485457166957
01 May 2011,11.221294774158203,11.49942151958402,12.740924804807618
01 Jun 2011,14.10348946354266,14.655975221528363,15.710039489106627
01 Jul 2011,16.383636826429484,16.874927732271964,18.70674357567326
01 Aug 2011,17.700786933807258,18.40057049753999,19.30859345522231
01 Sep 2011,17.28824516418138,17.521021468536965,17.813145069545577
01 Oct 2011,14.984051117674543,15.18436055345951,16.09823358237178
01 Nov 2011,12.30790022385999,12.60207707257988,13.050778670675786
01 Dec 2011,8.506732302805778,9.924047730284096,11.982175103588713
01 Jan 2012,6.7957683337716395,7.957568386990629,9.89210221311767
01 Feb 2012,5.716321390029835,7.821275412639219,8.310791863150289
01 Mar 2012,6.394029740285769,7.923564932366651,8.871209999511317
01 Apr 2012,8.123703412928784,9.380734255516998,9.776571492120654
01 May 2012,11.068291368302521,11.903648324253142,13.933466943861223
01 Jun 2012,12.321531845851363,14.835770121561787,16.16005505788131
01 Jul 2012,16.60949535403794,17.02267626585499,17.50859508264503
01 Aug 2012,17.52256353351181,18.200898545371107,18.606958062926957
01 Sep 2012,16.945780955527887,17.643384731871222,17.965731921066176
01 Oct 2012,15.236855722568139,15.489376414190698,15.69431833702762
01 Nov 2012,12.220287578723333,12.673261944498591,13.020452052337676
01 Dec 2012,9.078653247050577,10.033938138623377,10.99855740739732
01 Jan 2013,7.665312872218041,8.64471612519638,8.740313174712544
01 Feb 2013,6.877160242898825,7.325061512548064,8.889466121002751
01 Mar 2013,6.427903036981549,7.130373288469138,9.282550697116253
01 Apr 2013,7.959152679869097,8.862428456411426,10.373463947428304
01 May 2013,10.887439928308114,12.00686421765811,12.911043310727326
01 Jun 2013,14.102844625851157,14.524966947386286,16.12182471909172
01 Jul 2013,16.54309354514036,17.81659883035581,18.739852979697634
01 Aug 2013,17.564013312792934,18.934357403914888,20.28607196189117
01 Sep 2013,16.84964293112239,18.35550836447277,18.62135245933547
01 Oct 2013,14.260404560686384,15.337589443069355,15.93008910424281
01 Nov 2013,12.36239878388392,13.093858111039845,13.611862004886493
01 Dec 2013,9.062972497679855,9.223371145937037,11.109433311075279
01 Jan 2014,5.214486199582299,7.101960295998074,8.328085448001548
01 Feb 2014,4.962302566968618,6.1261165140123115,6.879630287646961
01 Mar 2014,5.726089787686043,6.520475041297515,7.148186025742424
01 Apr 2014,8.183252041677779,8.328811396355956,9.48195610547986
01 May 2014,10.775224760948651,11.43794100236704,12.17538334602541
01 Jun 2014,14.163261974082879,14.288919032907772,14.796061187302822
01 Jul 2014,16.8616964241888,17.411493385990095,18.310849649911372
01 Aug 2014,17.852378447311416,18.986884556870763,20.13518331328719
01 Sep 2014,17.201900018133898,17.512055655560417,19.01438357311456
01 Oct 2014,14.659488836401307,15.422702161880276,16.430450225756985
01 Nov 2014,12.154397403068755,12.952078630954624,13.932666121254647
01 Dec 2014,9.180546252981234,9.695137902677235,11.371786866504307
01 Jan 2015,6.849353233164605,7.475761424375904,8.79495740754094
01 Feb 2015,5.213410822505422,7.157427906369957,7.842685394984918
01 Mar 2015,4.945481650800873,7.435895685989136,8.66338022262488
01 Apr 2015,5.438820508961894,9.090728052464613,10.149459505131366
01 May 2015,8.795748300099714,11.927075402782139,12.312260833117202
01 Jun 2015,12.589106884887718,14.753085428298144,16.39970140697324
01 Jul 2015,15.716262700068857,17.14649145932165,17.353203177315304
01 Aug 2015,17.993454821056023,18.516089610393593,19.586625530259454
01 Sep 2015,17.012025466458567,17.699086440972497,17.861072221571735
01 Oct 2015,14.883707958578114,15.385826507720813,15.785841390102563
01 Nov 2015,12.25132455219347,12.54992685423612,12.880851682068878
01 Dec 2015,8.952363936341884,10.31193786407889,10.497438684946559
01 Jan 2016,6.221109968521178,8.532042496037057,9.021824608485595
01 Feb 2016,3.5866276716104473,7.070201308465387,8.73617132145554
01 Mar 2016,5.2587444478260315,6.6295061362101055,8.100121745579722
01 Apr 2016,6.571157052225395,8.356497415608372,9.214947613381057
01 May 2016,10.440561220321444,11.133332059040004,11.70740492745327
01 Jun 2016,13.450200995392803,14.80025608859157,15.326970449710789
01 Jul 2016,16.56374512762037,17.478228195412264,17.61081879145618
01 Aug 2016,18.128841154064595,18.91726801764982,19.920594020868528
01 Sep 2016,17.367302725044752,17.97800944509376,18.92990729110426
01 Oct 2016,15.377931521311154,15.996743608183426,16.812618423414246
01 Nov 2016,12.301866323019565,12.569323389663687,13.195074718962276
01 Dec 2016,9.413195127064618,9.74749238037658,10.10676306015099
01 Jan 2017,7.842983997796999,8.332871637828887,9.196238096638833
01 Feb 2017,5.035922038788022,7.097532151176416,7.615013971524479
01 Mar 2017,5.93529024215245,7.3095385046740375,7.816215304133108
01 Apr 2017,7.603828992231374,9.09423972757843,10.255281610308627
01 May 2017,10.836831275183624,12.103377167567746,13.42816396619069
01 Jun 2017,13.049905113268863,14.573963308268496,15.207808075945326
01 Jul 2017,15.208034312522972,17.496303284233473,17.782453082029715
01 Aug 2017,17.63762960020516,18.73262093240154,19.37093015750866
01 Sep 2017,17.144273439256278,17.876997132967208,19.353567774720922
01 Oct 2017,14.388024643169816,15.61620359398687,16.89136832324783
01 Nov 2017,12.166883897166656,13.052403860195666,14.519943487280226
01 Dec 2017,9.003201636739641,9.802666332050821,10.664504366507003
01 Jan 2018,7.690373217855701,7.91177309109465,9.520007883988477
01 Feb 2018,6.248646748036866,6.807238947462405,7.751825956637223
01 Mar 2018,5.411655263186732,6.781203326168489,7.679425737528893
01 Apr 2018,6.904767586057708,8.352885579184244,9.30475261870887
01 May 2018,9.615203542255223,11.701479201328233,11.952134356186475
01 Jun 2018,12.597269845778307,14.268994701149907,14.929207775428214
01 Jul 2018,15.144994146082999,16.505595125369037,17.464531874748946
01 Aug 2018,16.27645549973139,18.37217768058211,18.602322855935476
01 Sep 2018,16.619357872394485,17.574704752042226,18.63736000993274
01 Oct 2018,14.906513787880964,15.20074379576856,16.287163701712764
01 Nov 2018,11.242461050693171,12.372359771109192,13.791140315093227
01 Dec 2018,9.442465005746962,10.219223450414999,10.6733539353044
01 Jan 2019,8.446402261524407,8.618050821966692,8.836099199820259
01 Feb 2019,6.003979715980184,6.844312031123438,7.746624722879867
01 Mar 2019,5.558851504528299,6.752833586729303,7.455920909013705
01 Apr 2019,8.037597271565573,8.47739686794352,9.168246573948284
01 May 2019,11.268195345083965,11.819215680766328,12.047512074319641
01 Jun 2019,12.924923027647393,14.508796154466005,15.418408356561537
01 Jul 2019,16.45888623511573,17.03608719862842,17.605743803857568
01 Aug 2019,16.79387443742904,17.911239026480658,18.523295727199848
01 Sep 2019,16.06294417757624,17.925355683018047,18.023051479152794
01 Oct 2019,14.80433283653302,15.300002665809034,16.03706564044758
01 Nov 2019,12.155440829048784,12.399949842771042,13.112376019002523
01 Dec 2019,9.800978505422258,10.07545688688048,10.433541034428929
01 Jan 2020,8.332476478181606,8.57752107824078,8.7170324252102
01 Feb 2020,5.549167380168073,6.563518803789457,7.733561300477992
01 Mar 2020,6.461023193543865,7.277682281017757,8.533604066865365
01 Apr 2020,8.644890369806847,9.489719199714541,11.018468159088437
01 May 2020,11.371507520377188,11.841684728605234,13.767009428313749
01 Jun 2020,14.16215768834209,14.457165397028705,16.497385018819948
01 Jul 2020,16.182874504610385,16.59137908653718,18.00046827550821
01 Aug 2020,16.203730700177164,18.112981805292662,18.608742959837016
01 Sep 2020,16.690018088855535,17.759392716481734,17.9745555753767
01 Oct 2020,14.022350085071817,15.199721420253688,15.954955003623455
01 Nov 2020,12.246093020738826,12.374367072721856,13.151052355882195
01 Dec 2020,9.50831120841163,9.808290485108438,10.511921196114843
01 Jan 2021,7.671997905027503,7.723381652291437,8.450038553815054
01 Feb 2021,5.59258488675743,6.408308821422688,7.633191094068018
01 Mar 2021,5.728653719219934,7.1488511071767435,8.0573447658771
01 Apr 2021,7.936727183845981,9.250615411627916,10.542403363333793
01 May 2021,11.356056363545534,11.428946121313505,12.641096648104526
01 Jun 2021,14.180211958429696,14.462406752522071,15.019460548727912
01 Jul 2021,16.206302674951527,16.879999258358232,17.870154549331403
01 Aug 2021,16.727470538843303,18.224540797972352,18.787573326479972
01 Sep 2021,17.079563729591875,17.82243765645115,19.870470194830354
01 Oct 2021,14.630134711771987,15.035499845960663,17.39205593170993
01 Nov 2021,12.355577190498535,12.74854584001952,13.462581048892599
01 Dec 2021,9.868021186117675,9.962010726948819,10.658349770840896
01 Jan 2022,6.262432052392584,7.894952359258535,9.364867615119444
01 Feb 2022,4.4944052651626105,7.615894805479915,8.270785648255265
01 Mar 2022,4.968237698962421,7.5686473198120705,8.562394754563714
01 Apr 2022,7.176785111039435,8.842659133674253,11.12473483923775
01 May 2022,10.01117370113964,11.765825792051274,13.048525703696088
01 Jun 2022,12.864498266484153,14.210231642170063,14.908339590151606
01 Jul 2022,16.264233643419686,17.187041828275603,17.644335883021835
01 Aug 2022,17.926864814552275,18.591762878862394,19.296313981083863
01 Sep 2022,17.106661834091373,17.40750147487023,18.305784802626782
01 Oct 2022,14.978379714318418,15.406922130933332,16.426917482644335
01 Nov 2022,11.717299915875717,12.310240463854681,13.523296185272343
01 Dec 2022,9.310332929601802,9.614288067955775,10.321697029517727
01 Jan 2023,4.513460739803336,6.7790689649600235,8.603792582393012
01 Feb 2023,3.9866398936788072,5.52169064962049,8.342348618579843
01 Mar 2023,3.5217568958685095,5.609576591976236,8.568538722974143
01 Apr 2023,5.103213438889646,7.88329039687697,10.740886978528248
01 May 2023,8.706449413596566,11.456524803858098,13.471185946760407
01 Jun 2023,12.677361083620825,14.665599662294559,15.010231534316915
01 Jul 2023,16.307437607823985,16.939622422686814,17.748564810585112
01 Aug 2023,17.574555672694203,18.22182965948688,19.069660368633052
01 Sep 2023,16.653696424482686,17.66302320709927,18.22339129264323
01 Oct 2023,15.054352919046892,15.459726912340637,16.438886671854444
01 Nov 2023,12.000122997098991,12.93205170431541,13.542506130881021
01 Dec 2023,9.516208673984078,9.74177397922707,10.608715431696208
01 Jan 2024,7.45420961454499,8.20053397161244,8.792721184823266
01 Feb 2024,5.564401718169473,6.83874390110361,7.662203474658905
01 Mar 2024,4.888855862394003,6.9471023946468025,8.31936359476488
01 Apr 2024,6.037538391198396,8.104308633055203,9.939739310586022
01 May 2024,9.324680176579585,10.975476416514926,11.961539618789041
01 Jun 2024,11.925417061392386,14.386791396520783,15.16249370942728
01 Jul 2024,14.654988613384349,16.84700514733411,16.97123644049098
01 Aug 2024,15.841102474829018,18.029581787617886,18.210220139523955
01 Sep 2024,15.579080223395108,17.563000295920546,18.02196912246156
01 Oct 2024,13.90808232168566,15.446300846595305,15.800242415042016
01 Nov 2024,10.98011796450043,13.210336867028735,13.508970112958611
01 Dec 2024,8.04911664041197,10.382143352809068,10.807575370550955
01 Jan 2025,7.180030438363144,8.305580630748873,9.129743481499577
01 Feb 2025,5.997031007151186,6.953159612668117,7.107022702808638
01 Mar 2025,5.690447126027142,7.264774836398345,8.10002650779343
01 Apr 2025,6.739516065109852,9.160777493884675,10.447354797409806
01 May 2025,9.178834379046082,11.80421871039797,12.157209820660396
01 Jun 2025,12.29170712576776,14.366072078384123,16.45626907365702
01 Jul 2025,15.419776372734496,16.482151467969747,17.412530622609516
01 Aug 2025,16.95819645478794,18.20147508897578,19.257662129008448
01 Sep 2025,16.97090866042274,17.9059844645603,19.971290931385433
01 Oct 2025,15.309240974364268,15.933893381116471,16.051753443088174
01 Nov 2025,12.515625851427016,12.922782177051364,13.331459633188178
01 Dec 2025,9.765136245055073,10.23460901600288,10.399437485983185
01 Jan 2026,7.185046649274078,7.702442937256699,8.870762986009114
01 Feb 2026,6.207303057568301,6.824986930411293,7.118930419812414
01 Mar 2026,5.847670337639158,6.724203761524512,7.753708624776357
01 Apr 2026,7.5797003348674945,9.330353219530636,9.6185328678709
01 May 2026,10.43908364559141,11.810018069593228,12.59128359934328
01 Jun 2026,13.313374723784584,15.128116387884461,15.24894176002414
01 Jul 2026,16.73061435634908,17.514979152209357,18.591816763165063
01 Aug 2026,18.26674415192743,19.126643966723453,19.45178563508856
01 Sep 2026,17.560239787800878,18.678719919676116,19.174255467691818
01 Oct 2026,15.079865945349018,16.372567338377813,16.58025529146532
01 Nov 2026,12.013630747908701,12.930013706230499,13.153410989872798
01 Dec 2026,8.735359342914176,9.927492276709478,10.692731997347012
01 Jan 2027,6.727322183853873,7.824771937083597,8.02948367146154
01 Feb 2027,5.161040041177406,6.942422034870108,7.3232516239229986
01 Mar 2027,5.48747717373964,7.3102620809026195,7.662147399816141
01 Apr 2027,7.9112318122444725,9.10499767682841,9.93245916746285
01 May 2027,11.413811358891556,12.041784135001107,12.454529318362681
01 Jun 2027,14.391986863335203,14.623326762788988,14.720721252474691
01 Jul 2027,16.88514395216899,17.73162836224727,17.95946710880336
01 Aug 2027,17.032169582549134,18.899281847953972,19.30365164421373
01 Sep 2027,16.33735711205382,18.244026097851123,18.461744993452406
01 Oct 2027,15.341957621408708,15.911600736879922,16.310429636380356
01 Nov 2027,12.522176226962385,13.167686944798481,14.364601018016407
01 Dec 2027,8.307789359094532,9.76898207164575,11.085454252099241
01 Jan 2028,4.575376430738443,8.493560544946128,9.07325945947453
01 Feb 2028,2.728944733327878,7.368971213951612,7.988550134413824
01 Mar 2028,5.499989072779836,7.5176530047509935,8.15192920176377
01 Apr 2028,8.57385737087843,8.742481079339035,9.856084730461045
01 May 2028,11.42526958817804,11.540230508252456,12.250226387230535
01 Jun 2028,13.776115950657381,14.57262911538301,14.846525367626693
01 Jul 2028,16.863095894841905,17.147164622251424,17.611657840405208
01 Aug 2028,18.635275918959564,18.770944894441765,19.85660921423564
01 Sep 2028,17.839275853342983,18.467978300870843,18.89625883993154
01 Oct 2028,15.57284478763537,15.909699002620993,18.140095737090892
01 Nov 2028,12.602870114503286,12.860598954303105,14.956688248396018
01 Dec 2028,8.411411485246948,10.544712950087687,10.893846348530047
01 Jan 2029,6.068359811189927,8.182280209652737,8.59728500773964
01 Feb 2029,5.377174736109079,5.784680909537706,7.425263949763484
01 Mar 2029,4.690829498121383,5.812719607326193,7.660146345249456
01 Apr 2029,7.556919948981353,7.770220345184458,9.334238700043167
01 May 2029,10.259664114509315,11.698460681532541,13.186956681964565
01 Jun 2029,13.212892720574038,14.339380359635415,15.808308161742598
01 Jul 2029,16.50313362695855,17.423039121612256,17.7452100598738
01 Aug 2029,17.024483777649777,18.506538487858045,18.869323314855272
01 Sep 2029,16.929397551171334,18.144096683513776,18.80827560890582
01 Oct 2029,15.385964903187283,16.239572066671634,16.604814142194165
01 Nov 2029,12.62359734511849,12.971527847518063,14.166893183143804
01 Dec 2029,9.76769264853344,10.519361911973794,10.988724434798975
01 Jan 2030,7.6570517277481915,8.595776648539628,9.088723875482298
01 Feb 2030,6.326156419335923,7.70954793014595,7.982386479332827
01 Mar 2030,5.772914600652635,7.611531571593529,7.7469577868396104
01 Apr 2030,7.963571719640994,8.837345479353738,9.27362463205658
01 May 2030,11.566571866449815,11.700986681735356,12.659458330015372
01 Jun 2030,13.694979664341952,15.127792315293295,15.777462333019944
01 Jul 2030,15.620318248088811,17.52632360774897,18.724183378783092
01 Aug 2030,16.9331966106659,18.639030618422467,20.43009577754046
01 Sep 2030,17.442595656012898,17.97517911254786,19.20972432571725
01 Oct 2030,13.993954004471835,15.79799021944093,17.14320710642128
01 Nov 2030,11.982325413857925,13.713920457238194,15.674811201718473
01 Dec 2030,9.787565580660452,10.548988165629936,11.521024941833103
01 Jan 2031,6.652864360968685,8.845190727332216,9.261661610146746
01 Feb 2031,5.571796240853216,7.74191196408097,8.091893262716326
01 Mar 2031,5.351986946150631,7.7018699550867185,7.993528880213978
01 Apr 2031,7.324094055285066,9.62648982033623,10.002171293256032
01 May 2031,9.993985041759869,11.838484373519876,12.959340422572332
01 Jun 2031,12.908294353926728,14.52861220007211,16.440637551790818
01 Jul 2031,16.08189918644381,17.35079425395255,19.109663286195037
01 Aug 2031,18.30963519752651,18.415743010301824,19.69827866218679
01 Sep 2031,17.927094242108318,18.498209379233742,19.171434604958257
01 Oct 2031,15.820723477886522,16.54850857803354,18.07319299550596
01 Nov 2031,12.543105229692836,13.173972246009633,13.972324892430807
01 Dec 2031,9.671106863269776,10.212622140999825,12.418303444223545
01 Jan 2032,8.338912889558676,8.567300215890642,9.833833744837943
01 Feb 2032,7.072329545022677,7.233481650546133,9.084700659174564
01 Mar 2032,6.0771949753247645,7.223790418620987,8.141289297656927
01 Apr 2032,8.313110121849379,9.338850569364752,9.534712471239661
01 May 2032,11.65602457123126,12.19305577505581,12.62006534988821
01 Jun 2032,14.663624739625506,15.584730577826496,15.992598119401837
01 Jul 2032,16.61308069193273,17.53638672521335,18.12188724446538
01 Aug 2032,18.02122201017205,19.000610164980092,19.132026707464377
01 Sep 2032,17.65576230216777,18.23613185707855,20.135398669111108
01 Oct 2032,15.562981368905508,15.713747505076784,16.138628034687677
01 Nov 2032,12.665298972015208,13.503031344441187,13.731908651507002
01 Dec 2032,8.972049707522345,10.230860812234608,10.939618504469161
01 Jan 2033,7.055014542447823,8.494698633486125,9.198879221396522
01 Feb 2033,6.475771918259572,7.791029372657345,8.214832013905403
01 Mar 2033,7.2571285877537,8.36291055815588,8.952826227988437
01 Apr 2033,9.010786394292115,9.692564406419184,10.29030528669663
01 May 2033,10.931984697194071,12.196832637774584,13.407762038183346
01 Jun 2033,13.631345475936788,15.968690393897324,16.87580215023279
01 Jul 2033,16.837908536836963,18.142453715560716,20.23623026429393
01 Aug 2033,18.567554426602563,19.369652303480606,19.949425550220248
01 Sep 2033,18.26167876638443,18.491736843722286,19.139163363682012
01 Oct 2033,15.687935800035739,16.222054374164284,17.579301270518126
01 Nov 2033,12.782873324881084,13.66756834166914,14.83494240726703
01 Dec 2033,9.655030833658921,10.7782872316417,12.295121480403694
01 Jan 2034,8.701582038280065,9.19484771952548,9.357114193696644
01 Feb 2034,7.854262216693068,8.211855107466617,9.003432976027744
01 Mar 2034,7.663093883018091,8.276846600146959,8.586853825572794
01 Apr 2034,9.819952171025932,10.003247765415516,10.456947640259795
01 May 2034,11.910996088070458,12.60505144335508,14.316108347843883
01 Jun 2034,14.600146864128524,15.644909118188092,17.40117468685988
01 Jul 2034,17.851629401478682,18.371089903870924,19.200628089187344
01 Aug 2034,19.20140823100168,19.605489979126695,20.294239212523234
01 Sep 2034,18.268147356412896,18.708453389818796,19.18137145749073
01 Oct 2034,15.79078358335358,16.288485083348426,17.503317585352875
01 Nov 2034,12.823041062189318,13.328118888637913,14.156209279411218
01 Dec 2034,9.913405041954983,10.273162537033503,11.028644129493824
01 Jan 2035,7.999061682027397,8.337491139970888,8.906142225651534
01 Feb 2035,5.7747877819899625,7.515495458825559,7.899479530754265
01 Mar 2035,5.6141479814624615,7.379054972788883,8.440649616319423
01 Apr 2035,7.497747264445311,9.283931028417818,10.466659673042415
01 May 2035,10.570304552645077,12.266756916998883,12.829892299432775
01 Jun 2035,13.39642571522846,15.30655102476066,15.618991924749542
01 Jul 2035,15.803920345337438,17.586700386100738,19.46337563288943
01 Aug 2035,17.07632274199457,19.088278054263835,19.575349726385948
01 Sep 2035,16.60230230258521,18.062181078243846,19.485646327938472
01 Oct 2035,15.244424130489556,16.397044601077358,16.844034761477698
01 Nov 2035,11.968283097225317,13.681877186876868,14.090829523149994
01 Dec 2035,8.79353475030992,10.813778362601935,11.048260983474428
01 Jan 2036,6.7331423404567285,8.428854070800192,9.157095173031536
01 Feb 2036,7.015311194031568,7.649602098701391,8.513034022087377
01 Mar 2036,7.414356291776236,7.946798558936227,9.633429923574878
01 Apr 2036,9.150556072946676,9.409437482157784,11.725504669204687
01 May 2036,12.083560741589038,12.148641338572126,14.417260297464896
01 Jun 2036,14.911594515162232,15.568391499071636,16.76913188540863
01 Jul 2036,16.9881411421404,17.213256469983506,18.959406129061794
01 Aug 2036,18.153992667109033,19.122047441130608,19.71423779232992
01 Sep 2036,17.192361345370212,18.183222360917224,18.986160093124937
01 Oct 2036,15.64801970293529,16.068960719900534,16.862769329659006
01 Nov 2036,13.0360280135816,13.833388783746745,14.271771278640834
01 Dec 2036,10.075013459646208,11.06074457636289,11.185679139971889
01 Jan 2037,8.216048888264856,8.542782235830941,9.516280104775516
01 Feb 2037,6.167087973150627,7.074434870155699,8.79137086091301
01 Mar 2037,6.513619251044355,7.974747513882992,9.492176863146256
01 Apr 2037,9.23271968595205,9.626731159743779,11.552335836338704
01 May 2037,11.03368572861882,12.148480223951578,13.654459397561128
01 Jun 2037,13.656861746816771,14.745843604626815,16.35885107892679
01 Jul 2037,16.530427719276407,17.197818582803126,18.3955202878305
01 Aug 2037,17.876485096000874,18.51776414897577,20.621047991450965
01 Sep 2037,16.36182796427378,18.738207713822185,20.19583837887248
01 Oct 2037,14.410703631286628,16.48531240780426,17.284151517690628
01 Nov 2037,13.049550308032623,13.249990830487508,13.74143886131902
01 Dec 2037,9.23360895599681,10.610284131952358,10.949611965705623
01 Jan 2038,7.57020100326049,8.176497647343783,9.909848024109275
01 Feb 2038,6.32863008986188,7.560106139805084,8.48799617650993
01 Mar 2038,6.355394836107867,7.5277643447710725,8.512194377724695
01 Apr 2038,9.118783998345823,9.571095264842885,10.965474749199773
01 May 2038,12.018110183972269,12.58061148632702,13.206360746875516
01 Jun 2038,14.94437786722798,15.471258528835703,16.812740310419763
01 Jul 2038,18.137778535800077,18.381088804982426,19.28255659133902
01 Aug 2038,19.568238830353167,20.05421448695982,20.2195590447735
01 Sep 2038,18.442772290252265,18.95454749679375,19.04343216458767
01 Oct 2038,15.863927642745262,16.054913042019553,16.780059035110853
01 Nov 2038,13.187863706881188,13.270258442100685,14.18164177719308
01 Dec 2038,10.33444121824823,10.527013449155044,10.978626319146207
01 Jan 2039,8.487956765376106,8.826436795141655,8.990370160147485
01 Feb 2039,5.570240855991523,7.952036474685614,8.269409550195181
01 Mar 2039,6.703380902060662,8.485045155209,8.756408719152331
01 Apr 2039,9.104920596050661,10.00114812238326,10.799003023800578
01 May 2039,11.24812982173633,12.263093395788545,13.050988351218919
01 Jun 2039,14.365611856437644,15.543288869411535,16.0385665667507
01 Jul 2039,16.88403486509845,17.476673313716603,18.103270269058275
01 Aug 2039,18.652532311386217,19.064992148997618,19.852612781110455
01 Sep 2039,18.087517468655918,18.1274109482988,19.14135450411218
01 Oct 2039,15.528526191955097,16.002382095831816,16.61653066382126
01 Nov 2039,13.017907122872991,13.255104997338599,13.568764821076899
01 Dec 2039,10.477215502427665,10.707903815729011,11.121548890595374
01 Jan 2040,7.87459622537829,8.105602182660688,9.427446549615183
01 Feb 2040,4.607482510773208,7.581564643173557,7.794805253374596
01 Mar 2040,4.4329113030539675,7.609513223055411,7.670343710621198
01 Apr 2040,7.429730073253462,9.161725529502302,9.279125602536592
01 May 2040,10.574158814473945,11.979764363507416,12.288932942661935
01 Jun 2040,13.312193571536545,15.030857285298868,15.545659649435928
01 Jul 2040,15.774389702759938,18.219340813072872,19.000448267751523
01 Aug 2040,17.015862596685583,19.447899441762704,20.072032165247204
01 Sep 2040,16.505933089776757,18.396345980895255,19.738691577516008
01 Oct 2040,15.871161612215506,17.137483364309364,17.385685801849547
01 Nov 2040,13.391016168909337,13.443517066228738,14.103388648873107
01 Dec 2040,10.46284311047597,11.014366195220093,11.578915001972241
01 Jan 2041,7.766117982220575,8.762852864321461,9.559384967176728
01 Feb 2041,7.41640785400978,8.047325611615811,8.336684563867852
01 Mar 2041,7.4162999281555,8.371501973493364,8.611188665289426
01 Apr 2041,8.551944743513571,9.775263153200392,10.183435704501333
01 May 2041,11.340359717991035,12.016228945750317,13.296691586963146
01 Jun 2041,13.5755273319371,14.85018823166962,15.691410355681072
01 Jul 2041,15.965686649541407,17.831662296160673,19.80555692734156
01 Aug 2041,17.25426982833908,18.645444942163817,20.705001939457105
01 Sep 2041,16.69853345328356,18.67472103281101,19.43466628376898
01 Oct 2041,15.232942370736358,16.359974384865854,17.094495147220908
01 Nov 2041,12.920072773839056,13.37184739735682,14.189855575579578
01 Dec 2041,10.091122785670532,10.538399149231546,10.567961693774553
01 Jan 2042,7.2582719835093465,8.12182005510527,9.210903474414044
01 Feb 2042,6.455963868698424,7.355276667104741,8.247279103696554
01 Mar 2042,6.554309206162759,7.925645775205775,8.294196611391458
01 Apr 2042,8.283787058760485,9.547976767792788,10.15912436974599
01 May 2042,11.111668700647376,12.547323351873962,12.703054609287626
01 Jun 2042,14.89058963464483,15.14209750538242,15.771981227420433
01 Jul 2042,17.729409326544058,18.278893888471757,18.475984723183274
01 Aug 2042,19.386993951932272,19.577824317598953,20.10425096946233
01 Sep 2042,18.086878735533958,18.930537877286206,19.109183644574102
01 Oct 2042,15.601744702443067,15.953113800893869,17.778922628016783
01 Nov 2042,12.451241017235038,13.245909737923505,14.110305796871849
01 Dec 2042,8.546413830521294,10.353084059838592,10.695665503025271
01 Jan 2043,6.282689610347412,9.125987166204935,9.521429767648032
01 Feb 2043,5.336969178073318,7.6035997464296115,9.96112271661331
01 Mar 2043,6.011543483506896,8.077471140836789,10.10742295757393
01 Apr 2043,7.89047852427878,9.405569848853764,11.750754028702305
01 May 2043,10.495593081851855,12.639106315679507,14.164629608249767
01 Jun 2043,13.467608787493376,15.768917937228434,16.348943356777983
01 Jul 2043,16.385195905583267,18.18035962272867,19.283677007195323
01 Aug 2043,17.197706074587916,20.211673955177943,21.266625132799565
01 Sep 2043,16.99220037825259,19.066040381453693,19.88266187375968
01 Oct 2043,15.840136984907351,16.623168252524007,17.755049982581454
01 Nov 2043,13.342645645932553,13.839531393017912,15.617679069558891
01 Dec 2043,9.473581810304786,10.428467594956274,11.553848473580095
01 Jan 2044,7.519698977094926,8.55180300080023,9.41763634553235
01 Feb 2044,6.571597998418499,7.2640236846129955,8.96517541188392
01 Mar 2044,7.621958071069407,8.365554220450313,9.616642525016568
01 Apr 2044,9.246855486797383,10.14652785212315,11.152669982218564
01 May 2044,11.765134931794272,12.626649559114016,13.152927969278892
01 Jun 2044,15.080723523857417,15.291517156713335,15.804266354603811
01 Jul 2044,17.19464764653943,17.867333699951704,18.563301050677666
01 Aug 2044,18.76652791342437,19.789252890840295,20.98712088411715
01 Sep 2044,18.227554515393926,19.101969022584033,20.27216279980645
01 Oct 2044,15.574276070361774,16.219681322807332,18.70176105500062
01 Nov 2044,13.205635392493607,13.833022480208097,14.943380615781074
01 Dec 2044,10.39713089829383,10.761252168475744,11.206445530858351
01 Jan 2045,8.556124393131427,9.12577619481867,9.35726683998067
01 Feb 2045,7.406502660455208,7.798411723642575,9.424792100826929
01 Mar 2045,7.684198174974374,7.752724988258935,10.274268237503954
01 Apr 2045,8.576116046359255,10.18446836208416,11.676083739655466
01 May 2045,12.120716770078735,12.36777663368093,13.916293636510362
01 Jun 2045,13.879619337414068,15.713282810718702,16.250460657841206
01 Jul 2045,17.638252646193244,18.62434672471077,19.679939245598902
01 Aug 2045,19.317852142546155,19.752354337343693,20.79830109789772
01 Sep 2045,18.72199927422982,19.519686795044464,20.584793529812952
01 Oct 2045,16.097117485018224,16.76505313934311,16.78286026769141
01 Nov 2045,13.460212084677893,13.846536976790768,14.061227742003709
01 Dec 2045,10.544868893455147,10.813905992090788,11.443295811021434
01 Jan 2046,8.857335112933413,9.041871184876568,9.71724270332685
01 Feb 2046,7.145057172288217,8.111187227562683,9.074872816242216
01 Mar 2046,7.34709655067774,8.022770557067952,9.606987766891535
01 Apr 2046,9.734712543649513,9.957490962138682,10.723308555487108
01 May 2046,11.522540064423687,12.805844258303672,13.164533251654216
01 Jun 2046,15.347389843115117,15.734459182387583,17.57414935015768
01 Jul 2046,17.388819063794504,18.51939745298931,19.96831168579574
01 Aug 2046,19.11497520197222,19.983005188812193,21.579786725211456
01 Sep 2046,19.04361385585867,19.268948628821693,19.39164526006545
01 Oct 2046,16.023533015726002,16.483246552168684,17.192721096698723
01 Nov 2046,13.351999571920706,13.968877252036762,14.039714947053273
01 Dec 2046,9.894724327129879,10.77696520024131,12.194351862124185
01 Jan 2047,8.113447084110444,9.280442289099623,9.65498400581114
01 Feb 2047,4.659712880056663,8.185098904121963,9.399230898599825
01 Mar 2047,4.708567064235711,8.106483975080387,9.943245026744528
01 Apr 2047,6.739297572986588,9.453900886535424,11.086397701742765
01 May 2047,9.913678813423092,12.545342839419549,13.468303757105842
01 Jun 2047,13.267882498416865,15.497282337685798,16.54937715688485
01 Jul 2047,16.922647209606556,17.644341606018543,19.658111958871483
01 Aug 2047,18.87195134293085,19.300495165865893,20.994180339225746
01 Sep 2047,18.31314148691213,18.547143666540236,20.037178469416197
01 Oct 2047,16.13972043074684,16.497230656608508,17.222603971114808
01 Nov 2047,13.325489073214612,13.86299171033625,14.573839148971935
01 Dec 2047,10.630011659186355,11.30680092807733,11.562857731431547
01 Jan 2048,8.529437220047596,9.523546412174397,10.31485293150705
01 Feb 2048,4.65036785742377,8.26899982782535,8.848750116012667
01 Mar 2048,5.811577628461754,8.156833032408194,8.83812471815382
01 Apr 2048,7.839656424887772,9.652373044369478,10.272800930134386
01 May 2048,11.746212726389285,12.68482130437888,12.813785128252135
01 Jun 2048,14.475345687357107,15.557346314625924,16.045306233977428
01 Jul 2048,17.97418424075488,18.512127962845327,18.919339047637145
01 Aug 2048,18.940389633145667,19.612879125894185,20.93333557965251
01 Sep 2048,18.1621566351261,19.156847732595008,19.63478177020923
01 Oct 2048,16.01593926779951,16.93387132398762,17.935627504789927
01 Nov 2048,13.347374551734667,14.030358658064507,15.324431025936732
01 Dec 2048,10.474447207115784,11.325615315435332,11.990750014481055
01 Jan 2049,8.408100450925733,9.584279764005164,10.537933252553053
01 Feb 2049,7.767014682552133,7.858747637297933,9.345535844936624
01 Mar 2049,7.601243245923939,8.801489177987312,9.277230195831713
01 Apr 2049,9.136987766781898,10.253176485909018,10.674830722295429
01 May 2049,11.6030737511642,12.340850389573287,12.593219988755658
01 Jun 2049,14.322767054050999,15.313352883092714,15.79735139707765
01 Jul 2049,17.545555734892737,18.433795682710524,18.57721433492797
01 Aug 2049,19.105543391562602,19.66672303262431,20.311810199964405
01 Sep 2049,18.583837551161057,19.334477398626582,20.381576399772783
01 Oct 2049,16.200669693947024,16.868957180977127,18.337250015664527
01 Nov 2049,13.73820291735502,14.153932331282641,14.622374774172588
01 Dec 2049,10.569822090769287,11.005737449170645,11.052380441781084
01 Jan 2050,7.770176976823698,8.551493914316247,9.890022207395248
01 Feb 2050,7.591261985231557,8.447613386908992,8.701812786005513
01 Mar 2050,7.900316105593802,8.271721930993891,8.895060169771181
01 Apr 2050,9.483861257475759,9.965737124008651,10.559436628831103
01 May 2050,12.322756564408413,12.921468851100348,13.204693514064346
01 Jun 2050,15.107080840469791,15.434360290362754,16.081557274385215
01 Jul 2050,17.867764913179453,18.305985595776367,19.22077438633088
01 Aug 2050,19.135175383308038,19.697042304256275,20.083263119125526
01 Sep 2050,18.470232734733635,19.181785022822254,19.541135657527327
01 Oct 2050,16.334376144608367,16.559247512261525,17.21238743424206
01 Nov 2050,13.729165014214484,13.880559144345202,14.132727019060654
01 Dec 2050,9.729336938721149,10.172326635268593,11.48331428106735
01 Jan 2051,7.478350136627282,8.525202822918276,9.104920598384998
01 Feb 2051,6.893831471754498,8.009554434885628,8.238615946010267
01 Mar 2051,7.114380847998841,8.112990875492256,8.823652049217564
01 Apr 2051,9.089621827686196,9.633766985167533,10.075951942717575
01 May 2051,11.535759594255321,12.791817885308292,13.211923397060493
01 Jun 2051,14.203682069288561,14.376943439301995,16.404365671838246
01 Jul 2051,16.9523429550515,18.09677680143235,20.06311744697763
01 Aug 2051,18.087283831245447,19.503382827530924,19.995619939047778
01 Sep 2051,18.203328813847065,18.76068492987487,20.57992382686845
01 Oct 2051,15.895682542595855,16.43552721992816,17.259432984858858
01 Nov 2051,13.344091977545451,13.639321359838386,14.59526713978791
01 Dec 2051,10.29390282673269,10.39927239853498,12.023084509350994
01 Jan 2052,8.936296534666397,9.20237861187627,9.818465014928355
01 Feb 2052,7.7863245102814735,8.564839967030823,8.925015288183465
01 Mar 2052,7.108153391663792,8.308648067910672,9.190156150107958
01 Apr 2052,9.208157825547737,9.74379371050855,10.74170433234377
01 May 2052,12.725133169785687,12.973675138365408,14.204181179781028
01 Jun 2052,15.118518949956687,15.617248131989959,16.51775072986785
01 Jul 2052,17.922048410386846,18.403682867792135,19.705968439706325
01 Aug 2052,19.577560582957997,20.244147082634406,21.388864943033006
01 Sep 2052,18.796443353939647,19.4534811297627,19.731149579150006
01 Oct 2052,16.18110744851987,17.13894805793832,17.738146651737573
01 Nov 2052,13.10876586237814,13.630446019941946,14.237355219684677
01 Dec 2052,9.448962435490905,10.694856024181432,11.075435398007308
01 Jan 2053,7.685037423092823,8.510338368904481,9.727023549520041
01 Feb 2053,6.840539825813932,7.646582936090331,8.813173053152806
01 Mar 2053,6.382450455474593,8.2356261815906,9.781321174549637
01 Apr 2053,8.09191050780684,10.00077716259075,11.986471861825935
01 May 2053,12.223566599257067,12.508025255877047,14.078672937857862
01 Jun 2053,15.09809951112122,15.779143768727351,16.298992602847942
01 Jul 2053,16.50941813771318,18.08719821921789,19.20886854102625
01 Aug 2053,18.569410642929736,20.099729804273455,20.818862106232
01 Sep 2053,18.509382391043385,18.792751866933376,20.311399004777478
01 Oct 2053,16.296367422371866,16.694041699982332,17.503572842791474
01 Nov 2053,13.527304121033671,14.092796885979174,14.548343303063405
01 Dec 2053,10.468603581777652,10.783392670412407,11.323088199917736
01 Jan 2054,8.776232564289616,9.19294376687986,10.004882118997543
01 Feb 2054,7.655451553474703,8.362467629591938,9.912364044275053
01 Mar 2054,7.651817851204814,8.405904670529514,9.88839280041561
01 Apr 2054,9.476947380323676,10.112638482567814,10.83905833790054
01 May 2054,11.72364395798199,12.719753190149621,13.230682629231108
01 Jun 2054,15.008225448464922,15.6474719488247,16.011448897319973
01 Jul 2054,18.00183884245183,18.381484091186394,18.716900978292912
01 Aug 2054,19.54527671870922,19.714620950873517,20.15528083017344
01 Sep 2054,18.611951939486424,19.146041741040168,20.275156457532646
01 Oct 2054,16.39294433217569,17.555615258367872,17.821001700754557
01 Nov 2054,13.55057596281534,14.37790483676926,15.690697483296857
01 Dec 2054,10.05679868008735,10.743732844305338,12.624121826033686
01 Jan 2055,8.984269970104798,9.4612585889866,10.041899169922042
01 Feb 2055,6.99128565464172,8.091597066446218,9.027395827870063
01 Mar 2055,5.847260211097864,7.401431188122813,9.392824763411442
01 Apr 2055,8.048291017556563,9.272190899627429,10.990462616720531
01 May 2055,12.340221408395621,12.594600435978201,13.3772003773088
01 Jun 2055,14.798427152867623,15.543297704040903,16.908553182799547
01 Jul 2055,17.94573828998609,18.28419910292305,19.79854796130859
01 Aug 2055,19.39391792792244,19.923623134599623,20.590754273158304
01 Sep 2055,19.029170151058004,19.464294702568935,19.606428696855616
01 Oct 2055,16.326225373871313,17.065338093324797,17.262481475573406
01 Nov 2055,13.659231416458434,14.060939811404593,14.632195732464028
01 Dec 2055,10.291407600163616,11.23408585272549,11.473972648946527
01 Jan 2056,8.734973089489971,9.999126655203451,10.024598645740394
01 Feb 2056,7.2376427799975644,8.680448301460055,9.542548823229122
01 Mar 2056,7.410633643338584,8.366384238006434,9.214676915472008
01 Apr 2056,10.118591343796325,10.405310309978459,10.462958409996798
01 May 2056,12.444320825835185,13.286801685560608,13.34829514832441
01 Jun 2056,15.534522875320848,16.25691381673611,16.819110981529384
01 Jul 2056,17.973314111406964,19.86471034885699,21.738542092305245
01 Aug 2056,19.26837142571015,20.893240120225947,21.886199017019695
01 Sep 2056,18.60815455404132,19.770897200299224,20.297092712803575
01 Oct 2056,16.302055998328015,16.87012005129114,17.999931029547895
01 Nov 2056,12.039258588952928,14.318455201357924,16.08613599558404
01 Dec 2056,10.597466425312764,11.36183944512123,12.100271680000622
01 Jan 2057,9.017796494003305,9.794286584590767,10.313341902150857
01 Feb 2057,7.884879927390643,8.356594100703807,9.036058927275016
01 Mar 2057,6.421875275804026,8.92334640467345,9.296911822174609
01 Apr 2057,8.989187200179853,10.688541919220006,10.919277187385005
01 May 2057,11.771120578892578,13.055632930375296,14.4083335831182
01 Jun 2057,15.424643549780768,16.293048665386305,17.507710826728662
01 Jul 2057,16.856701677172204,19.3098411569459,19.804412410823165
01 Aug 2057,18.662423028336114,20.191429460738828,22.1390117644965
01 Sep 2057,18.514618731327875,19.765265004642306,21.65837484839273
01 Oct 2057,16.315502493255813,17.114380197570945,19.002347141850812
01 Nov 2057,13.377195170481235,14.179780082112979,14.812611711537194
01 Dec 2057,10.631307807952465,10.893048921892106,11.355086801882969
01 Jan 2058,9.492609892094551,9.605861254064031,9.960421206933471
01 Feb 2058,7.455067442321413,8.371826181810592,9.090534027342404
01 Mar 2058,8.106328250985607,8.489958271953025,8.904744166092328
01 Apr 2058,9.687334021580718,9.98471366557671,10.85761127567989
01 May 2058,12.240309183634956,12.684047793606165,13.25821026387947
01 Jun 2058,15.546910711075757,16.132525063109494,16.392990044540866
01 Jul 2058,18.460962502365152,19.717962327694856,20.856070944486458
01 Aug 2058,19.948791769420442,20.832359096375438,21.590181531412682
01 Sep 2058,18.723786960621005,20.14610122995798,21.001364589817182
01 Oct 2058,16.570902048789982,17.17823128592171,18.001711281980302
01 Nov 2058,14.143885439606509,14.242653193131163,15.02965919676235
01 Dec 2058,10.198020112530886,11.377475933067835,12.920761157179143
01 Jan 2059,9.062901749391955,9.54586416979235,10.19650157863939
01 Feb 2059,8.181285629319525,8.451335196280166,8.892489318613405
01 Mar 2059,8.091962922819107,8.282172117343759,9.601639568252642
01 Apr 2059,9.660082928014203,10.117889541062386,10.922793679373909
01 May 2059,12.5497994018046,13.449284714354194,13.756487700389345
01 Jun 2059,15.517550242647337,16.27012266539229,17.019879949095113
01 Jul 2059,18.330050927403168,19.51568078758287,20.105237345464165
01 Aug 2059,20.068714927146793,20.54544162036536,21.10151172713316
01 Sep 2059,19.4434238150574,19.814310982832904,20.752417889677403
01 Oct 2059,16.965870543633795,17.27855174166287,19.093930007054695
01 Nov 2059,13.816819448349225,14.236812839814228,15.473973123678023
01 Dec 2059,9.97556562286937,11.462494228439873,11.81666514571833
01 Jan 2060,7.649180117344732,9.524206430652754,11.142152662145962
01 Feb 2060,7.300572406219219,8.478428748493743,10.587375985678666
01 Mar 2060,7.224272265526109,8.43594696960996,10.602282034301657
01 Apr 2060,9.969618288099067,10.43684968377726,11.892436045576746
01 May 2060,12.58438346916238,13.253118239981092,14.136085047428935
01 Jun 2060,15.313748741260255,16.080346998507153,16.609441084057288
01 Jul 2060,18.167107226786253,18.47652810749833,19.37940158699563
01 Aug 2060,19.536635097545883,20.2670081887125,22.28894868059602
01 Sep 2060,19.329128966538544,20.644652627913715,20.738582278807282
01 Oct 2060,16.929172719567344,17.629888181238265,19.357918745430375
01 Nov 2060,13.674778646870752,14.89869912166112,15.372667476399974
01 Dec 2060,10.78354480159857,11.89142980369092,12.257789235542326
01 Jan 2061,8.886594503637033,9.58448858659377,10.204969901614179
01 Feb 2061,7.444581962150322,8.694046041528685,9.283808594298383
01 Mar 2061,8.243653169631132,8.41407987523347,9.248427839735129
01 Apr 2061,9.649932181440375,10.160956492452096,11.100516025504607
01 May 2061,12.640435277840703,13.202770614836481,14.924685213198666
01 Jun 2061,15.329261255509264,15.97971018626975,18.31932497883272
01 Jul 2061,17.531856938038548,18.716635443163096,20.985776219901872
01 Aug 2061,19.256091780940213,20.602844013694995,22.04554212460955
01 Sep 2061,18.544929470471697,19.76668644306541,20.272918491235085
01 Oct 2061,16.38203809209146,17.18209099377519,17.9607309105025
01 Nov 2061,13.32947033777926,14.81656335298833,15.954646038695538
01 Dec 2061,10.746294935065231,11.301638315525775,13.549495345755602
01 Jan 2062,8.187885669288537,9.862674865514755,10.866402973436749
01 Feb 2062,7.207228263044046,9.442690597930655,9.830424139753859
01 Mar 2062,7.33782740505131,9.761025299117005,10.543785370112873
01 Apr 2062,9.214083562055821,11.111811555244294,12.01379710683356
01 May 2062,12.70543043099334,13.299325967322398,14.775132142785239
01 Jun 2062,15.360469017406142,16.240997028853183,17.445713792115495
01 Jul 2062,18.5440876210312,19.126510881978028,19.738813816181693
01 Aug 2062,19.562488201599663,20.79077931564557,21.040236343118146
01 Sep 2062,19.122413341431535,19.489028330864624,20.874521734793625
01 Oct 2062,16.508890424671606,17.652179310142234,19.738898636833422
01 Nov 2062,13.917171524991268,15.157757409641613,16.067056773390707
01 Dec 2062,10.837542545282789,12.371151264965084,13.325300054762211
01 Jan 2063,8.328817619003019,10.309784522824465,11.0797151191439
01 Feb 2063,8.089866979811545,9.123781757270915,9.77096661805295
01 Mar 2063,6.801457305039104,9.817567028649998,10.273438670178137
01 Apr 2063,9.762179351143674,11.165534884824547,11.944881564987199
01 May 2063,12.673430920859147,13.399645074598014,15.477126923943572
01 Jun 2063,15.320407496457216,16.51275301538975,17.38222989406329
01 Jul 2063,17.93072400477477,19.26602066336899,20.89207751491357
01 Aug 2063,19.256155480066607,20.45703169621902,22.74106314352317
01 Sep 2063,18.00664425496649,19.631922638324298,20.904825952086107
01 Oct 2063,16.429775120992684,18.01752209175814,18.557409852571222
01 Nov 2063,13.628038855692951,15.478475636225907,16.69826118018266
01 Dec 2063,10.384124276769544,12.461297524882038,12.94454572788179
01 Jan 2064,9.161541819797014,10.266387650908708,10.49427836602661
01 Feb 2064,7.613924547740954,8.664899508297333,9.316040486057855
01 Mar 2064,8.318835982088592,8.728944938766112,9.615212543539855
01 Apr 2064,10.057229837890437,10.682540010826255,11.26770171074065
01 May 2064,12.577005576613871,13.149539872190932,13.886821725101914
01 Jun 2064,15.493635536267218,15.787653252473785,17.175876541398928
01 Jul 2064,18.295424936585686,19.133873830117892,19.691115835541467
01 Aug 2064,19.54016957732203,20.510274595976025,21.681061077678358
01 Sep 2064,19.11947029230032,19.75945569192193,20.4435052238777
01 Oct 2064,16.05931164682523,17.020305821797326,19.37043578393055
01 Nov 2064,13.592352701465064,14.28925088924887,15.502810716807664
01 Dec 2064,10.751604452789614,11.283054354623046,12.185684380758513
01 Jan 2065,8.865343450113338,9.507106754067975,10.3530472738607
01 Feb 2065,7.974777123723781,8.708395653725594,9.277510890234709
01 Mar 2065,8.485655095619013,8.670032049733468,9.234305259969377
01 Apr 2065,10.094378191155368,10.682820463897796,11.068451967085604
01 May 2065,12.983133015463618,13.442946107388924,14.03710353348424
01 Jun 2065,15.798634369094001,16.083331423884886,17.48254790188957
01 Jul 2065,18.837554576557118,19.48513501856199,20.55162882149419
01 Aug 2065,20.621458840282955,21.03072988643101,21.944709743247074
01 Sep 2065,19.20820860021112,20.505518550838683,21.406894223945233
01 Oct 2065,16.765233773548015,17.82059960983979,18.683725157054152
01 Nov 2065,13.737915050114287,14.853513454588063,16.199809599103286
01 Dec 2065,11.781382977287745,12.173495095628818,13.329077598793639
01 Jan 2066,9.421650081395793,10.39212168656982,11.480558425386961
01 Feb 2066,8.204009322341758,8.965311861783896,9.833922589337066
01 Mar 2066,8.768610788748257,8.81671956226186,9.883408215960868
01 Apr 2066,9.514176887695832,10.608964557530378,11.035371144104833
01 May 2066,12.669701348502961,13.503017350551966,14.140010184307709
01 Jun 2066,15.731359517608213,16.42680083656744,17.702667572676795
01 Jul 2066,18.66904195220306,19.37836338156041,19.507810429476926
01 Aug 2066,19.814134996236703,20.565878036674857,20.822997431472118
01 Sep 2066,19.335361426574885,20.155076195637243,20.9922340667009
01 Oct 2066,17.107386171641078,18.62576112956719,19.676718737731953
01 Nov 2066,13.416115116890886,15.278455433675692,16.29700732291581
01 Dec 2066,10.188010185645876,12.205035340852366,12.511752427224492
01 Jan 2067,9.142748263923979,10.03875020588368,10.526058902854144
01 Feb 2067,7.550869680322194,9.115614325557441,9.403367692165004
01 Mar 2067,7.443702337680772,8.698723502744901,10.154237991099375
01 Apr 2067,9.577812783600075,10.245688281866341,11.403169824572757
01 May 2067,12.884754006798106,13.186844459637465,13.755188552490887
01 Jun 2067,14.976273719284064,15.579867128267848,15.938498143730833
01 Jul 2067,17.306129521828332,18.78780656716112,19.483414825253174
01 Aug 2067,19.474731438639573,20.52735587462546,20.72339644789128
01 Sep 2067,19.326479856044447,19.592419812488153,20.511629059935206
01 Oct 2067,16.976596335790653,17.623301070676096,17.89179877443533
01 Nov 2067,14.004109114345733,14.575991228060786,14.895698793593255
01 Dec 2067,11.120888161342378,11.696872325955159,12.042258861686035
01 Jan 2068,6.341419398359041,9.910947143528622,10.5729378852462
01 Feb 2068,7.336162457630564,8.055896932657483,10.474344906966827
01 Mar 2068,6.856402865350472,8.08823946452455,9.426939280411725
01 Apr 2068,9.245469894882541,9.396407966989777,11.309544641794766
01 May 2068,12.665013723034205,13.252982280215722,13.791209618801991
01 Jun 2068,16.026091946054926,16.44121987381879,16.95285336344835
01 Jul 2068,17.80802594884825,18.7314816549617,19.51949435794804
01 Aug 2068,18.75380925027662,20.739628135221217,21.389545023809774
01 Sep 2068,18.939614381265528,19.799555768905194,21.87362741770982
01 Oct 2068,17.12104076529673,17.57018560170277,19.476476773019154
01 Nov 2068,13.913661970714244,14.721115224530468,17.02846797626578
01 Dec 2068,11.122138575255383,11.573715311657569,12.477506892603158
01 Jan 2069,9.438332574750216,10.054314962301795,10.379558321246627
01 Feb 2069,8.241115094303032,9.216481003874671,10.10849766051865
01 Mar 2069,7.020051276418505,9.126574252728242,10.255391177436634
01 Apr 2069,8.75574774299677,11.040760837966873,11.621798494589294
01 May 2069,12.746628375190916,13.878519682479045,14.019181861684638
01 Jun 2069,15.346848011619784,16.179351768467445,17.07322758958914
01 Jul 2069,18.167986906662854,19.190529207563216,19.422153064120703
01 Aug 2069,19.77521240672678,20.934905565495814,22.081255905211798
01 Sep 2069,19.278848365383848,20.267599357888436,21.86634485099936
01 Oct 2069,17.042581638808095,17.373667600692702,19.79518974196489
01 Nov 2069,13.943413307068381,14.745656924860086,15.804740496525762
01 Dec 2069,11.375620669297353,12.255139410232934,12.77993108576758
01 Jan 2070,9.202182699227018,10.030437710364989,10.9317077153391
01 Feb 2070,7.67121982777113,8.137125729524312,9.262564364470888
01 Mar 2070,7.790746637485852,8.030025233833099,9.660814820972261
01 Apr 2070,9.518133680706148,10.491469095750436,12.457303073419423
01 May 2070,12.498049488131318,12.91912328602744,13.907085662036021
01 Jun 2070,15.72024068289922,16.337539017335516,17.217605995110503
01 Jul 2070,18.165185641574833,18.666775299379893,20.74977839136275
01 Aug 2070,19.80325836380495,20.43599208390827,21.82772022842368
01 Sep 2070,19.284474515632443,19.38220369950758,21.207159422475314
01 Oct 2070,16.479974157303833,17.272268682536126,19.102903911088188
01 Nov 2070,13.445610074982142,14.61626560734077,15.741453351287404
01 Dec 2070,10.35565675685423,11.559359935365029,12.205527616358532
01 Jan 2071,8.649559304442661,9.867696584470542,10.765202686983045
01 Feb 2071,7.512217934567252,8.614298880169363,9.776913393801902
01 Mar 2071,7.678838167851789,8.417671284373125,9.84598284991694
01 Apr 2071,10.330887583124149,10.593993895229557,11.297325746266779
01 May 2071,13.395089017415481,13.979554887994237,14.117591631851784
01 Jun 2071,16.11684211462404,16.958038174285832,17.74117132821248
01 Jul 2071,18.31099816866262,19.452021090944086,20.070661898747023
01 Aug 2071,20.520194252996117,20.692369582322414,21.434161343318173
01 Sep 2071,19.5686324809846,20.301769047537093,21.242641317704074
01 Oct 2071,16.718384426511275,18.235194411364226,19.121181906842924
01 Nov 2071,14.020661545157276,15.417843303759073,15.723575301250511
01 Dec 2071,11.708068243045314,12.316137701256372,12.609706329483291
01 Jan 2072,9.879049471522064,10.06118256693033,10.883810007634105
01 Feb 2072,7.969592598462111,9.188860560554128,9.719813924557887
01 Mar 2072,7.807494182235042,9.422824115865568,9.922761922901124
01 Apr 2072,10.259737658358713,11.003340712243265,11.847043865856445
01 May 2072,12.740977471450574,14.349680467088238,14.366515177964985
01 Jun 2072,15.389434579433496,16.563850407001105,18.56285693027157
01 Jul 2072,18.67766200841559,19.55899740640356,19.911231685773533
01 Aug 2072,20.33914393827465,20.874174559374588,21.06965720904496
01 Sep 2072,19.456062371176404,20.335510595599178,21.168239323533893
01 Oct 2072,17.27694331078395,17.764729902627487,18.171651224420653
01 Nov 2072,14.489152489632207,14.872273119054546,15.154873780034594
01 Dec 2072,10.297681317946083,11.115524423240823,12.222752682957932
01 Jan 2073,8.126888535805685,9.095034999124067,10.451650581281182
01 Feb 2073,6.919178739467089,7.578592664261946,9.36382839618381
01 Mar 2073,6.144256065924519,8.876834470008951,9.586567802707734
01 Apr 2073,8.198501475771044,10.585434897210602,11.83365194467637
01 May 2073,11.232241435012083,12.90881735290747,14.353273020452665
01 Jun 2073,14.623872539069458,16.229973872857528,16.981208950397313
01 Jul 2073,18.438232975586587,18.811598454363196,19.53161519561494
01 Aug 2073,20.08642683039364,20.35692708123595,21.507330570798718
01 Sep 2073,19.58507034231952,20.07894210032242,21.04630916471479
01 Oct 2073,17.418268742215517,18.65028309619477,19.961313696341207
01 Nov 2073,13.877875248872092,14.712491052979134,16.793058476764095
01 Dec 2073,10.571636938538536,11.7007290408656,13.914773036384842
01 Jan 2074,8.855832643202614,9.765476374840963,10.823168388888808
01 Feb 2074,8.678629330299925,9.371229344266695,9.71069052406696
01 Mar 2074,7.983004225868821,9.914075496234322,10.371440017919964
01 Apr 2074,10.3703185487241,11.14917612172054,11.916824188089496
01 May 2074,13.225731778333785,13.899299691392873,14.043588592570007
01 Jun 2074,15.993705554516122,16.82370288342798,17.197081261312594
01 Jul 2074,18.890242903214194,19.449198564012327,21.808436632737738
01 Aug 2074,19.864892664961012,21.290836259281775,21.52322977196947
01 Sep 2074,19.461888506432178,20.475080874683265,21.11977981148783
01 Oct 2074,17.388499759919426,18.794209134199505,19.942268800927597
01 Nov 2074,14.930627220658746,15.49647630349135,16.39277664460541
01 Dec 2074,11.596436126658725,12.268557604975323,12.493742420626917
01 Jan 2075,8.720914428225234,10.078885902783494,11.556938002934086
01 Feb 2075,6.352602366254431,9.59128638742744,10.22319639873542
01 Mar 2075,7.3929812832347395,10.141555256698467,10.990198147529759
01 Apr 2075,9.403566111323837,10.812094572171624,11.76464013541337
01 May 2075,12.31289222266611,13.464818265236081,14.550917046456236
01 Jun 2075,15.763661016732305,16.767463476164433,17.600599247341464
01 Jul 2075,18.57371842850684,20.006240488360895,21.19861929073302
01 Aug 2075,20.193591065638177,21.19230274983014,22.632828679124753
01 Sep 2075,19.1680891076323,20.983195800925458,21.64346095321422
01 Oct 2075,17.444457177359908,18.344257846434328,20.645129759696367
01 Nov 2075,14.598444490068132,14.794761265687692,16.28115888210689
01 Dec 2075,11.655273028137271,12.018010269621673,12.745418393410226
01 Jan 2076,10.299888110668602,10.53027979680199,10.988663451741418
01 Feb 2076,8.00393839829279,9.041195064950053,10.837313079014763
01 Mar 2076,7.952277115763206,9.714310793179465,11.524831969088028
01 Apr 2076,10.433963207727937,11.112559336204912,11.356920520122205
01 May 2076,13.455063503230814,14.024590380420838,14.502802732589362
01 Jun 2076,16.510219155138923,16.92000831901394,17.91919143541529
01 Jul 2076,19.617828163187205,19.76386731113857,20.496778572044132
01 Aug 2076,20.685841743040868,20.95817424965536,21.363912533656755
01 Sep 2076,20.095424066080547,20.31184021131246,21.696739084139566
01 Oct 2076,17.57316611909717,18.93160987765119,19.458391223719644
01 Nov 2076,14.448602856988696,15.972182502522417,17.20321368375344
01 Dec 2076,11.509361773103745,12.674977895234424,13.379612900216047
01 Jan 2077,9.348920593527312,10.682278458161285,11.424120813204366
01 Feb 2077,8.208938092502757,9.013577676277114,10.322638631139196
01 Mar 2077,8.57011644420518,9.201174280477385,9.46572944897355
01 Apr 2077,10.626430771581393,11.128365946665813,11.437688076105283
01 May 2077,13.140642146909402,13.280001015933573,14.542572054240345
01 Jun 2077,16.090115664067756,16.888108714491008,17.848934171885045
01 Jul 2077,18.90424241089702,19.771509909729854,20.272233828309858
01 Aug 2077,20.44367614813118,20.826860785526097,21.857536135687432
01 Sep 2077,19.628869022786866,20.366969688657036,21.494659973930275
01 Oct 2077,17.638793981420623,18.364574708445904,20.14639889701295
01 Nov 2077,14.921243404251264,15.622356955228007,17.648696792515885
01 Dec 2077,11.184331006988241,11.922882105650665,13.154578869761842
01 Jan 2078,8.676702687353863,9.081290354759664,11.37517202963583
01 Feb 2078,6.25093041399108,7.897045106449623,11.366023514884942
01 Mar 2078,5.673673942465957,9.250502874330124,11.412127079475345
01 Apr 2078,8.632648172809194,11.37970632811266,11.8117117409843
01 May 2078,11.698113782745706,13.889357206491674,15.773238430956457
01 Jun 2078,14.743974221854034,17.020372131411992,18.87664287982745
01 Jul 2078,18.552813257047962,19.528634199491542,20.924362843343605
01 Aug 2078,19.985910814196185,21.08569952958065,22.889962808540123
01 Sep 2078,19.587571861259363,20.37878633816007,22.187082330784015
01 Oct 2078,17.897170382471426,18.426396184485835,19.141759841567104
01 Nov 2078,14.591208545992096,15.732174583289085,16.65041876172485
01 Dec 2078,11.131864395778482,12.098581956855773,13.213106528013062
01 Jan 2079,8.560244692767782,10.673491748374184,11.315044544044191
01 Feb 2079,7.49520509811197,9.231495744102999,11.723036191508168
01 Mar 2079,7.84472848584588,9.032519782806338,11.713362796613334
01 Apr 2079,9.13205768799158,10.852701466827485,13.333168907481355
01 May 2079,13.239628627480199,14.015263539613361,15.728925177173448
01 Jun 2079,16.203800481598044,16.641971435285694,19.07016258717823
01 Jul 2079,19.029180702896017,19.32406769482878,22.008507367903853
01 Aug 2079,19.992437140789626,21.018131188512257,22.88947218091189
01 Sep 2079,19.39024091629946,21.080809832788397,22.244131553380413
01 Oct 2079,17.158400874524627,19.18895825504213,20.055116868620775
01 Nov 2079,14.220618867769215,15.683433845395715,17.456044790022943
01 Dec 2079,11.41820012336627,13.187355634144307,13.843511062524945
01 Jan 2080,9.496343676005013,11.169054332637746,11.92451956829458
01 Feb 2080,7.500128302908704,8.983523463938694,10.96867700691539
01 Mar 2080,8.429161402501736,9.235915352709087,10.749950929068081
01 Apr 2080,10.424979400452338,11.343447928192651,12.166899192849145
01 May 2080,13.227688459154756,13.448616884972111,14.864032251859976
01 Jun 2080,15.878332749843098,16.687662798396353,17.789743782777517
01 Jul 2080,18.750397247731026,19.47380123519124,21.403243806703912
01 Aug 2080,20.758563200732862,21.380682075240788,22.336515012489098
01 Sep 2080,19.930964201416128,20.84539616322299,22.402057772316404
01 Oct 2080,18.115820652882938,18.50354894537969,19.204894204861947
01 Nov 2080,15.277053806071436,15.437365343583119,16.426135798117766
01 Dec 2080,12.271056522399263,12.418684986611279,12.738690382125519
01 Jan 2081,9.865279845654877,10.572224599683064,11.775102531478915
01 Feb 2081,8.784657005036413,9.853554998236849,10.392710312152875
01 Mar 2081,7.805961348107556,9.490584016653319,10.241655527295794
01 Apr 2081,9.895629833398493,10.552424056450187,11.583125764296332
01 May 2081,13.123025796243555,13.871960498578066,14.023982028713888
01 Jun 2081,16.480302044300014,16.581097556430855,16.98681074387205
01 Jul 2081,19.62885965053791,19.8697209179558,20.07280611392939
01 Aug 2081,20.961615928713183,21.571513135728562,22.768672812484045
01 Sep 2081,20.224190912945392,20.95745033179778,22.00409311187698
01 Oct 2081,17.02803335303259,18.629201400923183,20.04682679398529
01 Nov 2081,14.325764970248153,15.26297183512968,16.764843922802108
01 Dec 2081,11.280802847597919,11.79657329842044,12.982500174340426
01 Jan 2082,9.65353285850714,10.732012477602805,11.010041887913482
01 Feb 2082,8.708508691073481,9.35960815195538,10.055567465743934
01 Mar 2082,9.175576301347169,9.97153920984782,10.429517325585703
01 Apr 2082,11.048604085954565,11.446473053334614,12.89670753233256
01 May 2082,13.649148332315578,13.91031802308593,15.835998092466982
01 Jun 2082,16.417338276711924,17.056196890286223,18.158960776201898
01 Jul 2082,18.895082543286446,19.78169884876502,20.952049369461005
01 Aug 2082,20.271178021891124,21.48405245796773,22.25412283999127
01 Sep 2082,19.726503077636615,20.834137860506978,21.779358641851797
01 Oct 2082,17.408826926013944,18.809775620778087,20.183443479025815
01 Nov 2082,14.299846700666214,15.599163786749854,15.919695316393739
01 Dec 2082,10.97550887272539,12.618346652910825,13.20076404810796
01 Jan 2083,9.671991632918678,10.324181556867634,11.52590590080812
01 Feb 2083,8.144175503216568,9.21540091239975,10.157395126465007
01 Mar 2083,8.665756680628677,9.068889325474514,9.718909475238753
01 Apr 2083,10.350465947708887,11.289877510350092,12.008480347091572
01 May 2083,13.337803085293466,14.105359091069591,15.121218030885979
01 Jun 2083,15.868271677368224,17.115393864802183,17.67779934599251
01 Jul 2083,18.605792988944142,19.810334675566498,21.234360148644928
01 Aug 2083,20.164013333318408,21.54036222748688,21.874812132565438
01 Sep 2083,19.320932122429028,21.108995878165267,22.439724415173625
01 Oct 2083,16.864456940866088,18.675048288282916,19.54626917008933
01 Nov 2083,14.552390023034993,15.727143668396696,16.755687646772117
01 Dec 2083,11.118833375308258,12.370524108492035,13.270893464428093
01 Jan 2084,9.723570845311393,10.820367396492216,11.131893066205087
01 Feb 2084,9.36525922775709,9.865305304525858,10.31754047935916
01 Mar 2084,9.08452472777928,9.905434846433964,11.121766525342768
01 Apr 2084,10.650155912295059,11.005577220872704,12.625957737199887
01 May 2084,13.348156999277137,13.723761915578581,14.613949712804255
01 Jun 2084,16.080391651974264,16.986612578380665,17.05902613401196
01 Jul 2084,18.4967502713579,19.244121882340497,19.61401922033959
01 Aug 2084,20.519700579443295,21.431555632095673,22.16539788559443
01 Sep 2084,20.44390947781666,20.84154521431296,21.870385757888695
01 Oct 2084,18.257556824169523,18.659636150416514,21.104084479759937
01 Nov 2084,14.817078668898267,16.17900936734082,17.496225741567503
01 Dec 2084,12.275186509256384,12.584250909324178,13.33399086318974
01 Jan 2085,10.484417476429078,10.697589461467278,10.724189271974392
01 Feb 2085,8.726900797601921,9.787664066773242,9.8747757759052
01 Mar 2085,9.199972389450831,9.871809926005504,10.110705390316486
01 Apr 2085,10.45292663790162,11.284456670391162,11.931494634498614
01 May 2085,13.4196343898358,14.095043363841057,15.229497383246136
01 Jun 2085,15.855292042716924,17.78368811719631,18.75978769351873
01 Jul 2085,18.964031143356706,20.332408003862252,22.062953456328206
01 Aug 2085,20.594408756078636,22.23054875603614,23.12501773878022
01 Sep 2085,20.190133668003792,22.31579866318096,23.75172476309777
01 Oct 2085,18.290539391458587,18.731920656830358,21.018219007814075
01 Nov 2085,15.111797290238554,15.377032965580709,17.40139942185851
01 Dec 2085,11.607252239223147,12.45171999560673,13.26731612514771
01 Jan 2086,9.591408217446865,10.28986111154987,11.271233513591133
01 Feb 2086,8.936324362951302,9.988512274425219,10.962226656308994
01 Mar 2086,8.904522213508448,9.991458796723588,11.337999794202348
01 Apr 2086,10.773577572587635,10.868275497843335,12.47216477518451
01 May 2086,13.240101312054167,13.679981141821996,15.624619926120044
01 Jun 2086,15.870190381236805,16.789418031161986,19.07693918406361
01 Jul 2086,19.465603869229824,20.37213653664326,20.706898698840234
01 Aug 2086,20.614969931247437,21.809341537857748,22.750995339979337
01 Sep 2086,19.689491983092406,20.990988267907554,21.362614682061654
01 Oct 2086,17.91255806098703,18.8983325528471,20.19330573534059
01 Nov 2086,14.927626235476726,16.045977646488375,17.644299799502498
01 Dec 2086,12.442605162495271,13.053861800903155,13.570960486303111
01 Jan 2087,10.618378096866762,11.06854912299905,11.317297584157549
01 Feb 2087,8.705876691268665,10.317577327090955,10.58202994292515
01 Mar 2087,8.588587388475036,9.914688418847254,11.214856013575782
01 Apr 2087,10.408897243844356,11.156611767430856,12.269001375628008
01 May 2087,13.545448850189173,14.099638851424125,14.80679042557117
01 Jun 2087,15.940678786607272,17.187536997792378,17.767072325294876
01 Jul 2087,19.04934148039794,19.760092640982407,20.455551132804768
01 Aug 2087,20.432534977269746,21.322739034181573,22.89454161649211
01 Sep 2087,20.298816548925476,20.509619690016475,21.61440544581805
01 Oct 2087,18.166488704167534,18.548680108464545,20.449127556091693
01 Nov 2087,14.73290556890756,15.800798959836658,17.55099837393555
01 Dec 2087,11.889154334943452,13.059209938358343,13.208832653252186
01 Jan 2088,10.555933345553413,10.773956994749643,11.399752063155928
01 Feb 2088,8.410127678328903,9.631807208753461,11.816992067365193
01 Mar 2088,8.344480640722542,10.03795975628395,10.460787926121213
01 Apr 2088,10.400845551137722,11.490148013969847,11.639734531930054
01 May 2088,13.273718742047995,13.729196206809123,14.459394200040691
01 Jun 2088,16.222196235685136,16.991660502172035,17.72817158698749
01 Jul 2088,19.42217429896621,20.005113939586344,20.51545953495564
01 Aug 2088,21.452142983532788,21.532301268387023,22.247004750129836
01 Sep 2088,20.26474426381006,21.67972849282534,22.064440637093323
01 Oct 2088,17.60057270031732,19.161133617986955,20.88006413260339
01 Nov 2088,14.517612267603193,15.864653480885991,18.13917716354607
01 Dec 2088,11.826929554513786,12.794556078520632,13.662551124887369
01 Jan 2089,10.204047701220318,10.388237756781965,11.981661025255422
01 Feb 2089,8.913574528550576,9.63473756905326,10.256604588440059
01 Mar 2089,8.102397662016758,9.666530689640654,10.106199030524945
01 Apr 2089,9.143752055939856,11.398652961253426,12.539814870903616
01 May 2089,13.333929609035701,13.926955994334206,15.247070345839065
01 Jun 2089,16.1051153177274,17.201411088009742,17.907178473957092
01 Jul 2089,18.464184741296833,20.08295867877013,21.228374785759993
01 Aug 2089,20.905739016662135,22.251954503695842,23.517116359710396
01 Sep 2089,21.056194091356534,21.547245379016164,22.679244531070186
01 Oct 2089,18.182685443935203,19.172946365725586,19.464278545741564
01 Nov 2089,15.086594176849545,16.207485290939584,17.060652034910422
01 Dec 2089,12.727129670531212,13.759863974843814,13.993030674467674
01 Jan 2090,10.658901992681637,11.072039968404031,11.519218352805678
01 Feb 2090,8.935304979958618,10.067578585830656,10.495659444994219
01 Mar 2090,9.1591582485096,10.085209606116306,10.461373649791394
01 Apr 2090,11.064651055817652,11.809759937625703,12.419369200412946
01 May 2090,13.333643155158732,14.062898046567968,15.053040246170253
01 Jun 2090,16.123773073711973,17.145171191167456,17.662376296139612
01 Jul 2090,19.355640192010185,20.298939354506054,21.14554455505387
01 Aug 2090,21.227509530412696,21.92363716643493,22.42296077637268
01 Sep 2090,20.576371365690914,21.55263783796133,22.851289551102678
01 Oct 2090,17.936474934978115,19.719053385494583,20.785755866306967
01 Nov 2090,14.988215791134126,15.923061557181864,17.08957315949783
01 Dec 2090,12.040653677184368,12.724324987272128,13.21843151961117
01 Jan 2091,10.370700199147631,10.959613452547703,11.289779732989052
01 Feb 2091,9.574691493650507,9.72938318034002,11.065472248542928
01 Mar 2091,9.199370834106745,10.038000093596477,11.6206230031346
01 Apr 2091,10.609008632043592,11.344639102003278,12.295887564161799
01 May 2091,13.347984974842586,14.108914562309542,14.552857402084761
01 Jun 2091,16.455357802234158,17.259755068467967,18.616766256842634
01 Jul 2091,19.365518030805067,20.32508131650747,21.88765015258904
01 Aug 2091,20.466980049067775,22.222052639959777,23.677151696395377
01 Sep 2091,19.695472195551577,21.724495070511708,23.029439424912564
01 Oct 2091,17.728649251396064,20.126062636914995,20.9137364308885
01 Nov 2091,14.62426738157044,16.978816069755037,17.441487325433876
01 Dec 2091,11.62788994811637,13.135021948593542,13.765511048161247
01 Jan 2092,9.86141657123375,10.467053611099212,12.1940933051865
01 Feb 2092,8.666686630853519,9.565934367445715,10.023255599317615
01 Mar 2092,9.342822709350473,9.640610173381408,9.898011191496149
01 Apr 2092,11.11776892955187,11.481392207967017,12.232682343157052
01 May 2092,13.786732019300304,14.843505198454675,15.089733913702414
01 Jun 2092,16.449027779786114,17.74664737607497,19.730963349812136
01 Jul 2092,19.786131487924507,20.52476342531147,22.845849565175783
01 Aug 2092,20.85990273547743,21.991161961104336,24.267110540995407
01 Sep 2092,19.973206374129564,21.94659593058283,22.150962053583736
01 Oct 2092,17.739504681517943,18.679120313561,20.59787501805056
01 Nov 2092,15.004217095029293,17.033554586221744,17.63548458108248
01 Dec 2092,12.380678556195528,13.787147443996773,14.162303520754728
01 Jan 2093,10.401879466532526,11.305665550745939,11.721768472071084
01 Feb 2093,9.55860466921652,10.295097809958712,11.085771600718816
01 Mar 2093,9.099687026052024,10.709144725237671,10.990387466505043
01 Apr 2093,10.9083955196168,12.074340064383337,12.435057484699403
01 May 2093,13.72557798527342,14.64515703646422,16.59600153676821
01 Jun 2093,17.066622211989753,17.91485292062539,19.462405255072422
01 Jul 2093,19.440409896519306,21.26285872953936,22.44994020400962
01 Aug 2093,21.555384963539094,22.83858107486159,23.74422319320712
01 Sep 2093,20.484529365881414,22.344585902395348,23.156815478024217
01 Oct 2093,18.533668210684336,19.001267563897443,21.163274742697777
01 Nov 2093,15.22814285252979,16.0266607369784,18.268991655008797
01 Dec 2093,12.373239273226437,13.19428004355154,14.647157814378236
01 Jan 2094,10.405620455342525,11.594450108254986,11.633302580189742
01 Feb 2094,8.931848676286672,9.874609295844692,10.276345199278797
01 Mar 2094,9.745528511391406,10.113865387392124,10.439545593717973
01 Apr 2094,11.371991135490813,11.643746371425083,12.50139708856911
01 May 2094,14.240437696845817,14.345296337092082,15.027465606981856
01 Jun 2094,16.345421527184147,17.61404602479137,18.53842831171095
01 Jul 2094,19.265333140188634,19.93105220979886,20.8088685805275
01 Aug 2094,21.113720519232363,21.55774672360219,23.55155982574397
01 Sep 2094,20.23201872680335,21.30226152487912,22.81095291679738
01 Oct 2094,18.188323004874725,18.78415691347398,20.512759736942435
01 Nov 2094,15.309182031652721,16.225467195761652,17.353270349793018
01 Dec 2094,12.093761102257057,12.627124449876609,13.19839118049018
01 Jan 2095,10.366799695829975,10.607810691520545,11.765983829090807
01 Feb 2095,9.486689674876937,9.67403284921225,11.38915394578419
01 Mar 2095,9.306964990908185,10.155148066981065,11.336859989648893
01 Apr 2095,10.794276214696875,11.918188748015488,12.955198315411437
01 May 2095,13.540161094560737,14.689541056052155,15.43873280870767
01 Jun 2095,14.935069175876487,16.73889121447862,19.508763484561978
01 Jul 2095,19.267957285226107,19.99045408358581,22.480411697978557
01 Aug 2095,21.367945071355024,21.423659056313962,24.11821112405546
01 Sep 2095,20.335534262178477,21.649373684993733,24.381424428952887
01 Oct 2095,18.34175000962265,19.44483348477076,20.885707158038056
01 Nov 2095,14.988681836412898,16.692994731270776,18.374423327307554
01 Dec 2095,12.132011959219744,13.325505449787558,14.060646587153858
01 Jan 2096,10.551880689846664,11.418286066661338,12.10009084081678
01 Feb 2096,9.21012319706675,10.599139993657435,10.89385670276134
01 Mar 2096,9.191659654970213,10.340049774882507,10.735691995698373
01 Apr 2096,10.721613468927664,11.544904238330268,12.805607666610655
01 May 2096,13.76568188058741,14.759412284196621,15.187899583847805
01 Jun 2096,17.02767418245613,17.665722910977287,18.091619150230798
01 Jul 2096,19.569423900334776,20.134122420218667,22.269031837971564
01 Aug 2096,20.70605396745196,21.80779978834174,24.515054642086184
01 Sep 2096,20.199798150607204,21.70129496023365,23.516305466812835
01 Oct 2096,17.732278000880306,20.064058095332456,22.00748084323775
01 Nov 2096,14.452368383680264,16.688058625876952,18.68427903193894
01 Dec 2096,12.190261961265161,12.907630609390159,15.015013633197624
01 Jan 2097,10.760915672866549,11.331598688157602,12.253692089344659
01 Feb 2097,9.440060144222796,10.16671810884389,10.976656331091531
01 Mar 2097,9.783839561912915,10.537891827757134,10.680490533438359
01 Apr 2097,11.278123419446327,12.082741375780632,12.173281236261932
01 May 2097,13.653309386289246,14.574937768337643,14.916560435432297
01 Jun 2097,16.63104265203987,17.48287868589038,18.76445263919939
01 Jul 2097,19.868615006018874,20.763916688103482,22.025536732556954
01 Aug 2097,22.135748975958087,22.404054925395528,23.326339640277904
01 Sep 2097,20.995847317462722,22.15383119681495,22.574423204120475
01 Oct 2097,17.72916533867121,19.4009231803788,20.384673675919892
01 Nov 2097,15.28089844276907,16.38838224626936,17.250868205051418
01 Dec 2097,12.768164507544668,12.996290446803854,14.071867593290811
01 Jan 2098,10.773668381520778,12.07740323519656,12.38778555098827
01 Feb 2098,9.872041745611035,10.211888489929162,11.971046699004761
01 Mar 2098,9.827885154801193,10.47090855479795,11.498328821447659
01 Apr 2098,11.408178068080765,12.040248361652125,12.743695469552604
01 May 2098,14.154436961760112,15.200462823000368,15.73434711238006
01 Jun 2098,17.348649272468297,18.52250076474039,19.102858494549825
01 Jul 2098,20.073406873396415,20.53130090949442,22.77471213655467
01 Aug 2098,21.28939339878146,22.67923329687078,23.99748205652524
01 Sep 2098,20.457200996643348,21.85475138524237,22.53456012377773
01 Oct 2098,18.200477133430816,19.495897502171353,21.137598055807437
01 Nov 2098,15.049896188257348,16.85663778296108,17.238323229755817
01 Dec 2098,12.689381029907125,13.269196492281019,13.825306451969364
01 Jan 2099,10.940468003637019,11.487854476304967,12.071653127134145
01 Feb 2099,9.50751613650609,10.218626955774553,11.773067023087144
01 Mar 2099,9.655976112395331,10.494105965635924,11.655763528084512
01 Apr 2099,11.831720439503801,12.102522797479974,13.338531075542875
01 May 2099,14.874502249237073,14.98279557857229,16.09164760114152
01 Jun 2099,17.013587395501908,17.69418834481769,19.66065037250116
01 Jul 2099,19.737798912707145,21.448632584640354,22.653811783729655
01 Aug 2099,21.36788600156467,22.374051420757628,22.971711927057438
01 Sep 2099,20.33846337903459,21.967095392354178,23.219302129075867
01 Oct 2099,18.464950507834164,20.85284430858792,21.20757364345108
01 Nov 2099,15.52431133445063,17.747509771557112,18.80742330425549
01 Dec 2099,12.006153378686315,13.482425050452207,16.081982663131907
